Body Part,Exercise Type,Exercise Style 1,Exercise Style 2,Implementation Options ,Implementation Options 2
Abs/Hip Flexors,Abs Wheel Rollout,,,"Low Pulley
Mid Pulley
High Pulley
Dumbbell
Weighted
Medicine Ball
Kettlebell
Swiss Ball
AbMat
Slant Bench
Ab Bench",
,Plank,"Bent-Knee
4 point
3 point
2 point
Dynamic",,"Low Pulley
Mid Pulley
High Pulley
Dumbbell
Weighted
Medicine Ball
Kettlebell
Swiss Ball
AbMat
Slant Bench
Ab Bench",
,Side Bridge,"Bent-Knee
Side        
Rotate and reach",,"Low Pulley
Mid Pulley
High Pulley
Dumbbell
Weighted
Medicine Ball
Kettlebell
Swiss Ball
AbMat
Slant Bench
Ab Bench",
,Core Row,,,"Low Pulley
Mid Pulley
High Pulley
Dumbbell
Weighted
Medicine Ball
Kettlebell
Swiss Ball
AbMat
Slant Bench
Ab Bench",
,Kneeling Cable Crunch,,,"Low Pulley
Mid Pulley
High Pulley
Dumbbell
Weighted
Medicine Ball
Kettlebell
Swiss Ball
AbMat
Slant Bench
Ab Bench",
,AbMat Crunch,,,"Low Pulley
Mid Pulley
High Pulley
Dumbbell
Weighted
Medicine Ball
Kettlebell
Swiss Ball
AbMat
Slant Bench
Ab Bench",
,Crunch,,,"Low Pulley
Mid Pulley
High Pulley
Dumbbell
Weighted
Medicine Ball
Kettlebell
Swiss Ball
AbMat
Slant Bench
Ab Bench",
,Swiss Ball Crunch,,,"Low Pulley
Mid Pulley
High Pulley
Dumbbell
Weighted
Medicine Ball
Kettlebell
Swiss Ball
AbMat
Slant Bench
Ab Bench",
,Supine Crossover Crunch,,,"Low Pulley
Mid Pulley
High Pulley
Dumbbell
Weighted
Medicine Ball
Kettlebell
Swiss Ball
AbMat
Slant Bench
Ab Bench",
,Low Cable Pull-in,"Bilateral            
Unilateral",,"Low Pulley
Mid Pulley
High Pulley
Dumbbell
Weighted
Medicine Ball
Kettlebell
Swiss Ball
AbMat
Slant Bench
Ab Bench",
,"Garhammer Leg Raise, Hanging",,,"Low Pulley
Mid Pulley
High Pulley
Dumbbell
Weighted
Medicine Ball
Kettlebell
Swiss Ball
AbMat
Slant Bench
Ab Bench",
,Situp,"Bent-Knee, Flat
Bent-Knee, decline",,"Low Pulley
Mid Pulley
High Pulley
Dumbbell
Weighted
Medicine Ball
Kettlebell
Swiss Ball
AbMat
Slant Bench
Ab Bench",
,GH Situp,,,"Low Pulley
Mid Pulley
High Pulley
Dumbbell
Weighted
Medicine Ball
Kettlebell
Swiss Ball
AbMat
Slant Bench
Ab Bench",
,Supine Hip Flexion,,,"Low Pulley
Mid Pulley
High Pulley
Dumbbell
Weighted
Medicine Ball
Kettlebell
Swiss Ball
AbMat
Slant Bench
Ab Bench",
,Standing Cable Hip Flexion,,,"Low Pulley
Mid Pulley
High Pulley
Dumbbell
Weighted
Medicine Ball
Kettlebell
Swiss Ball
AbMat
Slant Bench
Ab Bench",
,Prone Swiss Ball Pike,Unilateral,,"Low Pulley
Mid Pulley
High Pulley
Dumbbell
Weighted
Medicine Ball
Kettlebell
Swiss Ball
AbMat
Slant Bench
Ab Bench",
,Seated Knee Pull-in,Bench,,"Low Pulley
Mid Pulley
High Pulley
Dumbbell
Weighted
Medicine Ball
Kettlebell
Swiss Ball
AbMat
Slant Bench
Ab Bench",
,Prone TRX Knee Pull-In,Swiss Ball,,"Low Pulley
Mid Pulley
High Pulley
Dumbbell
Weighted
Medicine Ball
Kettlebell
Swiss Ball
AbMat
Slant Bench
Ab Bench",
,Land Mine ,Rotation,,"Low Pulley
Mid Pulley
High Pulley
Dumbbell
Weighted
Medicine Ball
Kettlebell
Swiss Ball
AbMat
Slant Bench
Ab Bench",
,Standing Side Flexion,,,"Low Pulley
Mid Pulley
High Pulley
Dumbbell
Weighted
Medicine Ball
Kettlebell
Swiss Ball
AbMat
Slant Bench
Ab Bench",
,45 Degree Side Flexion,Swiss Ball,,"Low Pulley
Mid Pulley
High Pulley
Dumbbell
Weighted
Medicine Ball
Kettlebell
Swiss Ball
AbMat
Slant Bench
Ab Bench",
,Upright Leg Raise,,,"Low Pulley
Mid Pulley
High Pulley
Dumbbell
Weighted
Medicine Ball
Kettlebell
Swiss Ball
AbMat
Slant Bench
Ab Bench",
,Hanging Leg Raise,"Twisting
Straight Leg
Bent-Knee",,"Low Pulley
Mid Pulley
High Pulley
Dumbbell
Weighted
Medicine Ball
Kettlebell
Swiss Ball
AbMat
Slant Bench
Ab Bench",
,Leg Lowering,"Bilateral            
Alternating",,"Low Pulley
Mid Pulley
High Pulley
Dumbbell
Weighted
Medicine Ball
Kettlebell
Swiss Ball
AbMat
Slant Bench
Ab Bench",
,Reverse Crunch,"Incline
Flat
AbMat",,"Low Pulley
Mid Pulley
High Pulley
Dumbbell
Weighted
Medicine Ball
Kettlebell
Swiss Ball
AbMat
Slant Bench
Ab Bench",
,Toes to Bar,,,"Low Pulley
Mid Pulley
High Pulley
Dumbbell
Weighted
Medicine Ball
Kettlebell
Swiss Ball
AbMat
Slant Bench
Ab Bench",
,Supine Windsheild Wipers,,,"Low Pulley
Mid Pulley
High Pulley
Dumbbell
Weighted
Medicine Ball
Kettlebell
Swiss Ball
AbMat
Slant Bench
Ab Bench",
,Cable Woodchop,Standing,Horizontal,"Low Pulley
Mid Pulley
High Pulley
Dumbbell
Weighted
Medicine Ball
Kettlebell
Swiss Ball
AbMat
Slant Bench
Ab Bench",
,Seated Cable Woodchop,Kneeling,,"Low Pulley
Mid Pulley
High Pulley
Dumbbell
Weighted
Medicine Ball
Kettlebell
Swiss Ball
AbMat
Slant Bench
Ab Bench",
,Kneeling Cable Woodchop,Seated,,"Low Pulley
Mid Pulley
High Pulley
Dumbbell
Weighted
Medicine Ball
Kettlebell
Swiss Ball
AbMat
Slant Bench
Ab Bench",
,Cable Reverse Woodchop,,,"Low Pulley
Mid Pulley
High Pulley
Dumbbell
Weighted
Medicine Ball
Kettlebell
Swiss Ball
AbMat
Slant Bench
Ab Bench",
,Russian Twist,,,"Low Pulley
Mid Pulley
High Pulley
Dumbbell
Weighted
Medicine Ball
Kettlebell
Swiss Ball
AbMat
Slant Bench
Ab Bench",
,Forward Ball Rollout,,,"Low Pulley
Mid Pulley
High Pulley
Dumbbell
Weighted
Medicine Ball
Kettlebell
Swiss Ball
AbMat
Slant Bench
Ab Bench",
,TRX  Kneeling Rollout,,,"Low Pulley
Mid Pulley
High Pulley
Dumbbell
Weighted
Medicine Ball
Kettlebell
Swiss Ball
AbMat
Slant Bench
Ab Bench",
,TRX Crunch,,,"Low Pulley
Mid Pulley
High Pulley
Dumbbell
Weighted
Medicine Ball
Kettlebell
Swiss Ball
AbMat
Slant Bench
Ab Bench",
,Stir The Pot,,,"Low Pulley
Mid Pulley
High Pulley
Dumbbell
Weighted
Medicine Ball
Kettlebell
Swiss Ball
AbMat
Slant Bench
Ab Bench",
Back,Bent-Over Row - Pronated Grip,"Pronated Grip
Semi-Pronated Grip
Neutral Grip
Semi-Supinated Grip
Supinated Grip
Supinating Grip","30°  Incline
45°  Incline
60°  Incline        
75°  Incline
Close Grip
Medium Grip
Wide Grip","Barbell
Dumbbell
T-Grip Barbell
Football Bar
Thick Barbell
TRX
Kettlebell
EZ Bar
Log Bar
Low Pulley
Mid Pulley
High Pulley
Thick Dumbbell
Cambered Bar
Fat Gripz
Stirrup Handles
Rope Attachment
add Custom",
,Bent-Over Row - Elbows Out,"Pronated Grip
Semi-Pronated Grip
Neutral Grip
Semi-Supinated Grip
Supinated Grip
Supinating Grip","30°  Incline
45°  Incline
60°  Incline        
75°  Incline
Close Grip
Medium Grip
Wide Grip","Barbell
Dumbbell
T-Grip Barbell
Football Bar
Thick Barbell
TRX
Kettlebell
EZ Bar
Log Bar
Low Pulley
Mid Pulley
High Pulley
Thick Dumbbell
Cambered Bar
Fat Gripz
Stirrup Handles
Rope Attachment
add Custom",
,Bent-Over Row - Supinated Grip,"Pronated Grip
Semi-Pronated Grip
Neutral Grip
Semi-Supinated Grip
Supinated Grip
Supinating Grip","30°  Incline
45°  Incline
60°  Incline        
75°  Incline
Close Grip
Medium Grip
Wide Grip","Barbell
Dumbbell
T-Grip Barbell
Football Bar
Thick Barbell
TRX
Kettlebell
EZ Bar
Log Bar
Low Pulley
Mid Pulley
High Pulley
Thick Dumbbell
Cambered Bar
Fat Gripz
Stirrup Handles
Rope Attachment
add Custom",
,Bent-Over Row - Neutral grip,"Pronated Grip
Semi-Pronated Grip
Neutral Grip
Semi-Supinated Grip
Supinated Grip
Supinating Grip","30°  Incline
45°  Incline
60°  Incline        
75°  Incline
Close Grip
Medium Grip
Wide Grip","Barbell
Dumbbell
T-Grip Barbell
Football Bar
Thick Barbell
TRX
Kettlebell
EZ Bar
Log Bar
Low Pulley
Mid Pulley
High Pulley
Thick Dumbbell
Cambered Bar
Fat Gripz
Stirrup Handles
Rope Attachment
add Custom",
,Bent-Over DB Row - Neutral,"Pronated Grip
Semi-Pronated Grip
Neutral Grip
Semi-Supinated Grip
Supinated Grip
Supinating Grip","30°  Incline
45°  Incline
60°  Incline        
75°  Incline
Close Grip
Medium Grip
Wide Grip","Barbell
Dumbbell
T-Grip Barbell
Football Bar
Thick Barbell
TRX
Kettlebell
EZ Bar
Log Bar
Low Pulley
Mid Pulley
High Pulley
Thick Dumbbell
Cambered Bar
Fat Gripz
Stirrup Handles
Rope Attachment
add Custom",
,Bent-Over DB Row - Supinating,"Pronated Grip
Semi-Pronated Grip
Neutral Grip
Semi-Supinated Grip
Supinated Grip
Supinating Grip","30°  Incline
45°  Incline
60°  Incline        
75°  Incline
Close Grip
Medium Grip
Wide Grip","Barbell
Dumbbell
T-Grip Barbell
Football Bar
Thick Barbell
TRX
Kettlebell
EZ Bar
Log Bar
Low Pulley
Mid Pulley
High Pulley
Thick Dumbbell
Cambered Bar
Fat Gripz
Stirrup Handles
Rope Attachment
add Custom",
,Bent-Over DB Row - Elbows Out,"Pronated Grip
Semi-Pronated Grip
Neutral Grip
Semi-Supinated Grip
Supinated Grip
Supinating Grip","30°  Incline
45°  Incline
60°  Incline        
75°  Incline
Close Grip
Medium Grip
Wide Grip","Barbell
Dumbbell
T-Grip Barbell
Football Bar
Thick Barbell
TRX
Kettlebell
EZ Bar
Log Bar
Low Pulley
Mid Pulley
High Pulley
Thick Dumbbell
Cambered Bar
Fat Gripz
Stirrup Handles
Rope Attachment
add Custom",
,Chin-up - Close Grip,"Pronated Grip
Semi-Pronated Grip
Neutral Grip
Semi-Supinated Grip
Supinated Grip
Supinating Grip","30°  Incline
45°  Incline
60°  Incline        
75°  Incline
Close Grip
Medium Grip
Wide Grip","Barbell
Dumbbell
T-Grip Barbell
Football Bar
Thick Barbell
TRX
Kettlebell
EZ Bar
Log Bar
Low Pulley
Mid Pulley
High Pulley
Thick Dumbbell
Cambered Bar
Fat Gripz
Stirrup Handles
Rope Attachment
add Custom",
,Chin-up - Mid Grip,"Pronated Grip
Semi-Pronated Grip
Neutral Grip
Semi-Supinated Grip
Supinated Grip
Supinating Grip","30°  Incline
45°  Incline
60°  Incline        
75°  Incline
Close Grip
Medium Grip
Wide Grip","Barbell
Dumbbell
T-Grip Barbell
Football Bar
Thick Barbell
TRX
Kettlebell
EZ Bar
Log Bar
Low Pulley
Mid Pulley
High Pulley
Thick Dumbbell
Cambered Bar
Fat Gripz
Stirrup Handles
Rope Attachment
add Custom",
,Chin-up - Wide Grip,"Pronated Grip
Semi-Pronated Grip
Neutral Grip
Semi-Supinated Grip
Supinated Grip
Supinating Grip","30°  Incline
45°  Incline
60°  Incline        
75°  Incline
Close Grip
Medium Grip
Wide Grip","Barbell
Dumbbell
T-Grip Barbell
Football Bar
Thick Barbell
TRX
Kettlebell
EZ Bar
Log Bar
Low Pulley
Mid Pulley
High Pulley
Thick Dumbbell
Cambered Bar
Fat Gripz
Stirrup Handles
Rope Attachment
add Custom",
,Chin-up - Neutral - Mid Grip,"Pronated Grip
Semi-Pronated Grip
Neutral Grip
Semi-Supinated Grip
Supinated Grip
Supinating Grip","30°  Incline
45°  Incline
60°  Incline        
75°  Incline
Close Grip
Medium Grip
Wide Grip","Barbell
Dumbbell
T-Grip Barbell
Football Bar
Thick Barbell
TRX
Kettlebell
EZ Bar
Log Bar
Low Pulley
Mid Pulley
High Pulley
Thick Dumbbell
Cambered Bar
Fat Gripz
Stirrup Handles
Rope Attachment
add Custom",
,Chin-up - Sternum - Neutral Grip,"Pronated Grip
Semi-Pronated Grip
Neutral Grip
Semi-Supinated Grip
Supinated Grip
Supinating Grip","30°  Incline
45°  Incline
60°  Incline        
75°  Incline
Close Grip
Medium Grip
Wide Grip","Barbell
Dumbbell
T-Grip Barbell
Football Bar
Thick Barbell
TRX
Kettlebell
EZ Bar
Log Bar
Low Pulley
Mid Pulley
High Pulley
Thick Dumbbell
Cambered Bar
Fat Gripz
Stirrup Handles
Rope Attachment
add Custom",
,Chin-up - Side to Side - Wide Neutral,"Pronated Grip
Semi-Pronated Grip
Neutral Grip
Semi-Supinated Grip
Supinated Grip
Supinating Grip","30°  Incline
45°  Incline
60°  Incline        
75°  Incline
Close Grip
Medium Grip
Wide Grip","Barbell
Dumbbell
T-Grip Barbell
Football Bar
Thick Barbell
TRX
Kettlebell
EZ Bar
Log Bar
Low Pulley
Mid Pulley
High Pulley
Thick Dumbbell
Cambered Bar
Fat Gripz
Stirrup Handles
Rope Attachment
add Custom",
,Front Lever,"Pronated Grip
Semi-Pronated Grip
Neutral Grip
Semi-Supinated Grip
Supinated Grip
Supinating Grip","30°  Incline
45°  Incline
60°  Incline        
75°  Incline
Close Grip
Medium Grip
Wide Grip","Barbell
Dumbbell
T-Grip Barbell
Football Bar
Thick Barbell
TRX
Kettlebell
EZ Bar
Log Bar
Low Pulley
Mid Pulley
High Pulley
Thick Dumbbell
Cambered Bar
Fat Gripz
Stirrup Handles
Rope Attachment
add Custom",
,Row - Torso Trainer,"Pronated Grip
Semi-Pronated Grip
Neutral Grip
Semi-Supinated Grip
Supinated Grip
Supinating Grip","30°  Incline
45°  Incline
60°  Incline        
75°  Incline
Close Grip
Medium Grip
Wide Grip","Barbell
Dumbbell
T-Grip Barbell
Football Bar
Thick Barbell
TRX
Kettlebell
EZ Bar
Log Bar
Low Pulley
Mid Pulley
High Pulley
Thick Dumbbell
Cambered Bar
Fat Gripz
Stirrup Handles
Rope Attachment
add Custom",
,Row - Machine,"Pronated Grip
Semi-Pronated Grip
Neutral Grip
Semi-Supinated Grip
Supinated Grip
Supinating Grip","30°  Incline
45°  Incline
60°  Incline        
75°  Incline
Close Grip
Medium Grip
Wide Grip","Barbell
Dumbbell
T-Grip Barbell
Football Bar
Thick Barbell
TRX
Kettlebell
EZ Bar
Log Bar
Low Pulley
Mid Pulley
High Pulley
Thick Dumbbell
Cambered Bar
Fat Gripz
Stirrup Handles
Rope Attachment
add Custom",
,One Arm DB Row - Split Stance,"Pronated Grip
Semi-Pronated Grip
Neutral Grip
Semi-Supinated Grip
Supinated Grip
Supinating Grip","30°  Incline
45°  Incline
60°  Incline        
75°  Incline
Close Grip
Medium Grip
Wide Grip","Barbell
Dumbbell
T-Grip Barbell
Football Bar
Thick Barbell
TRX
Kettlebell
EZ Bar
Log Bar
Low Pulley
Mid Pulley
High Pulley
Thick Dumbbell
Cambered Bar
Fat Gripz
Stirrup Handles
Rope Attachment
add Custom",
,One Arm DB Row - Feet Squared,"Pronated Grip
Semi-Pronated Grip
Neutral Grip
Semi-Supinated Grip
Supinated Grip
Supinating Grip","30°  Incline
45°  Incline
60°  Incline        
75°  Incline
Close Grip
Medium Grip
Wide Grip","Barbell
Dumbbell
T-Grip Barbell
Football Bar
Thick Barbell
TRX
Kettlebell
EZ Bar
Log Bar
Low Pulley
Mid Pulley
High Pulley
Thick Dumbbell
Cambered Bar
Fat Gripz
Stirrup Handles
Rope Attachment
add Custom",
,One Arm DB Row - Ipsilateral Split Stance,"Pronated Grip
Semi-Pronated Grip
Neutral Grip
Semi-Supinated Grip
Supinated Grip
Supinating Grip","30°  Incline
45°  Incline
60°  Incline        
75°  Incline
Close Grip
Medium Grip
Wide Grip","Barbell
Dumbbell
T-Grip Barbell
Football Bar
Thick Barbell
TRX
Kettlebell
EZ Bar
Log Bar
Low Pulley
Mid Pulley
High Pulley
Thick Dumbbell
Cambered Bar
Fat Gripz
Stirrup Handles
Rope Attachment
add Custom",
,One Arm DB Arc Row,"Pronated Grip
Semi-Pronated Grip
Neutral Grip
Semi-Supinated Grip
Supinated Grip
Supinating Grip","30°  Incline
45°  Incline
60°  Incline        
75°  Incline
Close Grip
Medium Grip
Wide Grip","Barbell
Dumbbell
T-Grip Barbell
Football Bar
Thick Barbell
TRX
Kettlebell
EZ Bar
Log Bar
Low Pulley
Mid Pulley
High Pulley
Thick Dumbbell
Cambered Bar
Fat Gripz
Stirrup Handles
Rope Attachment
add Custom",
,Row - Prone,"Pronated Grip
Semi-Pronated Grip
Neutral Grip
Semi-Supinated Grip
Supinated Grip
Supinating Grip","30°  Incline
45°  Incline
60°  Incline        
75°  Incline
Close Grip
Medium Grip
Wide Grip","Barbell
Dumbbell
T-Grip Barbell
Football Bar
Thick Barbell
TRX
Kettlebell
EZ Bar
Log Bar
Low Pulley
Mid Pulley
High Pulley
Thick Dumbbell
Cambered Bar
Fat Gripz
Stirrup Handles
Rope Attachment
add Custom",
,Pull-up -  mid Grip,"Pronated Grip
Semi-Pronated Grip
Neutral Grip
Semi-Supinated Grip
Supinated Grip
Supinating Grip","30°  Incline
45°  Incline
60°  Incline        
75°  Incline
Close Grip
Medium Grip
Wide Grip","Barbell
Dumbbell
T-Grip Barbell
Football Bar
Thick Barbell
TRX
Kettlebell
EZ Bar
Log Bar
Low Pulley
Mid Pulley
High Pulley
Thick Dumbbell
Cambered Bar
Fat Gripz
Stirrup Handles
Rope Attachment
add Custom",
,Pull-up - close grip,"Pronated Grip
Semi-Pronated Grip
Neutral Grip
Semi-Supinated Grip
Supinated Grip
Supinating Grip","30°  Incline
45°  Incline
60°  Incline        
75°  Incline
Close Grip
Medium Grip
Wide Grip","Barbell
Dumbbell
T-Grip Barbell
Football Bar
Thick Barbell
TRX
Kettlebell
EZ Bar
Log Bar
Low Pulley
Mid Pulley
High Pulley
Thick Dumbbell
Cambered Bar
Fat Gripz
Stirrup Handles
Rope Attachment
add Custom",
,Pull-up - Wide Grip,"Pronated Grip
Semi-Pronated Grip
Neutral Grip
Semi-Supinated Grip
Supinated Grip
Supinating Grip","30°  Incline
45°  Incline
60°  Incline        
75°  Incline
Close Grip
Medium Grip
Wide Grip","Barbell
Dumbbell
T-Grip Barbell
Football Bar
Thick Barbell
TRX
Kettlebell
EZ Bar
Log Bar
Low Pulley
Mid Pulley
High Pulley
Thick Dumbbell
Cambered Bar
Fat Gripz
Stirrup Handles
Rope Attachment
add Custom",
,Pull-up - Behind the Neck,"Pronated Grip
Semi-Pronated Grip
Neutral Grip
Semi-Supinated Grip
Supinated Grip
Supinating Grip","30°  Incline
45°  Incline
60°  Incline        
75°  Incline
Close Grip
Medium Grip
Wide Grip","Barbell
Dumbbell
T-Grip Barbell
Football Bar
Thick Barbell
TRX
Kettlebell
EZ Bar
Log Bar
Low Pulley
Mid Pulley
High Pulley
Thick Dumbbell
Cambered Bar
Fat Gripz
Stirrup Handles
Rope Attachment
add Custom",
,Pull-up - Subcapularis,"Pronated Grip
Semi-Pronated Grip
Neutral Grip
Semi-Supinated Grip
Supinated Grip
Supinating Grip","30°  Incline
45°  Incline
60°  Incline        
75°  Incline
Close Grip
Medium Grip
Wide Grip","Barbell
Dumbbell
T-Grip Barbell
Football Bar
Thick Barbell
TRX
Kettlebell
EZ Bar
Log Bar
Low Pulley
Mid Pulley
High Pulley
Thick Dumbbell
Cambered Bar
Fat Gripz
Stirrup Handles
Rope Attachment
add Custom",
,Lat Pulldown - to Chest,"Pronated Grip
Semi-Pronated Grip
Neutral Grip
Semi-Supinated Grip
Supinated Grip
Supinating Grip","30°  Incline
45°  Incline
60°  Incline        
75°  Incline
Close Grip
Medium Grip
Wide Grip","Barbell
Dumbbell
T-Grip Barbell
Football Bar
Thick Barbell
TRX
Kettlebell
EZ Bar
Log Bar
Low Pulley
Mid Pulley
High Pulley
Thick Dumbbell
Cambered Bar
Fat Gripz
Stirrup Handles
Rope Attachment
add Custom",
,Lat Pulldown - to Sternum,"Pronated Grip
Semi-Pronated Grip
Neutral Grip
Semi-Supinated Grip
Supinated Grip
Supinating Grip","30°  Incline
45°  Incline
60°  Incline        
75°  Incline
Close Grip
Medium Grip
Wide Grip","Barbell
Dumbbell
T-Grip Barbell
Football Bar
Thick Barbell
TRX
Kettlebell
EZ Bar
Log Bar
Low Pulley
Mid Pulley
High Pulley
Thick Dumbbell
Cambered Bar
Fat Gripz
Stirrup Handles
Rope Attachment
add Custom",
,Lat Pulldown - close-grip - to Chest,"Pronated Grip
Semi-Pronated Grip
Neutral Grip
Semi-Supinated Grip
Supinated Grip
Supinating Grip","30°  Incline
45°  Incline
60°  Incline        
75°  Incline
Close Grip
Medium Grip
Wide Grip","Barbell
Dumbbell
T-Grip Barbell
Football Bar
Thick Barbell
TRX
Kettlebell
EZ Bar
Log Bar
Low Pulley
Mid Pulley
High Pulley
Thick Dumbbell
Cambered Bar
Fat Gripz
Stirrup Handles
Rope Attachment
add Custom",
,Lat Pulldown - Behind the Neck,"Pronated Grip
Semi-Pronated Grip
Neutral Grip
Semi-Supinated Grip
Supinated Grip
Supinating Grip","30°  Incline
45°  Incline
60°  Incline        
75°  Incline
Close Grip
Medium Grip
Wide Grip","Barbell
Dumbbell
T-Grip Barbell
Football Bar
Thick Barbell
TRX
Kettlebell
EZ Bar
Log Bar
Low Pulley
Mid Pulley
High Pulley
Thick Dumbbell
Cambered Bar
Fat Gripz
Stirrup Handles
Rope Attachment
add Custom",
,Lat Pulldown - Uni-Lateral - wide grip,"Pronated Grip
Semi-Pronated Grip
Neutral Grip
Semi-Supinated Grip
Supinated Grip
Supinating Grip","30°  Incline
45°  Incline
60°  Incline        
75°  Incline
Close Grip
Medium Grip
Wide Grip","Barbell
Dumbbell
T-Grip Barbell
Football Bar
Thick Barbell
TRX
Kettlebell
EZ Bar
Log Bar
Low Pulley
Mid Pulley
High Pulley
Thick Dumbbell
Cambered Bar
Fat Gripz
Stirrup Handles
Rope Attachment
add Custom",
,Lat Pulldown - One-Arm,"Pronated Grip
Semi-Pronated Grip
Neutral Grip
Semi-Supinated Grip
Supinated Grip
Supinating Grip","30°  Incline
45°  Incline
60°  Incline        
75°  Incline
Close Grip
Medium Grip
Wide Grip","Barbell
Dumbbell
T-Grip Barbell
Football Bar
Thick Barbell
TRX
Kettlebell
EZ Bar
Log Bar
Low Pulley
Mid Pulley
High Pulley
Thick Dumbbell
Cambered Bar
Fat Gripz
Stirrup Handles
Rope Attachment
add Custom",
,Lat Pulldown - Machine,"Pronated Grip
Semi-Pronated Grip
Neutral Grip
Semi-Supinated Grip
Supinated Grip
Supinating Grip","30°  Incline
45°  Incline
60°  Incline        
75°  Incline
Close Grip
Medium Grip
Wide Grip","Barbell
Dumbbell
T-Grip Barbell
Football Bar
Thick Barbell
TRX
Kettlebell
EZ Bar
Log Bar
Low Pulley
Mid Pulley
High Pulley
Thick Dumbbell
Cambered Bar
Fat Gripz
Stirrup Handles
Rope Attachment
add Custom",
,Lat Pulldown - Straight Arm,"Pronated Grip
Semi-Pronated Grip
Neutral Grip
Semi-Supinated Grip
Supinated Grip
Supinating Grip","30°  Incline
45°  Incline
60°  Incline        
75°  Incline
Close Grip
Medium Grip
Wide Grip","Barbell
Dumbbell
T-Grip Barbell
Football Bar
Thick Barbell
TRX
Kettlebell
EZ Bar
Log Bar
Low Pulley
Mid Pulley
High Pulley
Thick Dumbbell
Cambered Bar
Fat Gripz
Stirrup Handles
Rope Attachment
add Custom",
,Pullover - Side Lying,"Pronated Grip
Semi-Pronated Grip
Neutral Grip
Semi-Supinated Grip
Supinated Grip
Supinating Grip","30°  Incline
45°  Incline
60°  Incline        
75°  Incline
Close Grip
Medium Grip
Wide Grip","Barbell
Dumbbell
T-Grip Barbell
Football Bar
Thick Barbell
TRX
Kettlebell
EZ Bar
Log Bar
Low Pulley
Mid Pulley
High Pulley
Thick Dumbbell
Cambered Bar
Fat Gripz
Stirrup Handles
Rope Attachment
add Custom",
,Pullovers - Supine,"Pronated Grip
Semi-Pronated Grip
Neutral Grip
Semi-Supinated Grip
Supinated Grip
Supinating Grip","30°  Incline
45°  Incline
60°  Incline        
75°  Incline
Close Grip
Medium Grip
Wide Grip","Barbell
Dumbbell
T-Grip Barbell
Football Bar
Thick Barbell
TRX
Kettlebell
EZ Bar
Log Bar
Low Pulley
Mid Pulley
High Pulley
Thick Dumbbell
Cambered Bar
Fat Gripz
Stirrup Handles
Rope Attachment
add Custom",
,Pullovers - Machine,"Pronated Grip
Semi-Pronated Grip
Neutral Grip
Semi-Supinated Grip
Supinated Grip
Supinating Grip","30°  Incline
45°  Incline
60°  Incline        
75°  Incline
Close Grip
Medium Grip
Wide Grip","Barbell
Dumbbell
T-Grip Barbell
Football Bar
Thick Barbell
TRX
Kettlebell
EZ Bar
Log Bar
Low Pulley
Mid Pulley
High Pulley
Thick Dumbbell
Cambered Bar
Fat Gripz
Stirrup Handles
Rope Attachment
add Custom",
,Seated Scapulae Retraction,"Pronated Grip
Semi-Pronated Grip
Neutral Grip
Semi-Supinated Grip
Supinated Grip
Supinating Grip","30°  Incline
45°  Incline
60°  Incline        
75°  Incline
Close Grip
Medium Grip
Wide Grip","Barbell
Dumbbell
T-Grip Barbell
Football Bar
Thick Barbell
TRX
Kettlebell
EZ Bar
Log Bar
Low Pulley
Mid Pulley
High Pulley
Thick Dumbbell
Cambered Bar
Fat Gripz
Stirrup Handles
Rope Attachment
add Custom",
,Seated Scapulae Retraction - One-Arm,"Pronated Grip
Semi-Pronated Grip
Neutral Grip
Semi-Supinated Grip
Supinated Grip
Supinating Grip","30°  Incline
45°  Incline
60°  Incline        
75°  Incline
Close Grip
Medium Grip
Wide Grip","Barbell
Dumbbell
T-Grip Barbell
Football Bar
Thick Barbell
TRX
Kettlebell
EZ Bar
Log Bar
Low Pulley
Mid Pulley
High Pulley
Thick Dumbbell
Cambered Bar
Fat Gripz
Stirrup Handles
Rope Attachment
add Custom",
,Seated Cable Row,"Pronated Grip
Semi-Pronated Grip
Neutral Grip
Semi-Supinated Grip
Supinated Grip
Supinating Grip","30°  Incline
45°  Incline
60°  Incline        
75°  Incline
Close Grip
Medium Grip
Wide Grip","Barbell
Dumbbell
T-Grip Barbell
Football Bar
Thick Barbell
TRX
Kettlebell
EZ Bar
Log Bar
Low Pulley
Mid Pulley
High Pulley
Thick Dumbbell
Cambered Bar
Fat Gripz
Stirrup Handles
Rope Attachment
add Custom",
,Seated Cable Row - One-Arm,"Pronated Grip
Semi-Pronated Grip
Neutral Grip
Semi-Supinated Grip
Supinated Grip
Supinating Grip","30°  Incline
45°  Incline
60°  Incline        
75°  Incline
Close Grip
Medium Grip
Wide Grip","Barbell
Dumbbell
T-Grip Barbell
Football Bar
Thick Barbell
TRX
Kettlebell
EZ Bar
Log Bar
Low Pulley
Mid Pulley
High Pulley
Thick Dumbbell
Cambered Bar
Fat Gripz
Stirrup Handles
Rope Attachment
add Custom",
,Seated Cable Row - Face Pull,"Pronated Grip
Semi-Pronated Grip
Neutral Grip
Semi-Supinated Grip
Supinated Grip
Supinating Grip","30°  Incline
45°  Incline
60°  Incline        
75°  Incline
Close Grip
Medium Grip
Wide Grip","Barbell
Dumbbell
T-Grip Barbell
Football Bar
Thick Barbell
TRX
Kettlebell
EZ Bar
Log Bar
Low Pulley
Mid Pulley
High Pulley
Thick Dumbbell
Cambered Bar
Fat Gripz
Stirrup Handles
Rope Attachment
add Custom",
,Seated Cable Row - Telle,"Pronated Grip
Semi-Pronated Grip
Neutral Grip
Semi-Supinated Grip
Supinated Grip
Supinating Grip","30°  Incline
45°  Incline
60°  Incline        
75°  Incline
Close Grip
Medium Grip
Wide Grip","Barbell
Dumbbell
T-Grip Barbell
Football Bar
Thick Barbell
TRX
Kettlebell
EZ Bar
Log Bar
Low Pulley
Mid Pulley
High Pulley
Thick Dumbbell
Cambered Bar
Fat Gripz
Stirrup Handles
Rope Attachment
add Custom",
,T-Bar Row,"Pronated Grip
Semi-Pronated Grip
Neutral Grip
Semi-Supinated Grip
Supinated Grip
Supinating Grip","30°  Incline
45°  Incline
60°  Incline        
75°  Incline
Close Grip
Medium Grip
Wide Grip","Barbell
Dumbbell
T-Grip Barbell
Football Bar
Thick Barbell
TRX
Kettlebell
EZ Bar
Log Bar
Low Pulley
Mid Pulley
High Pulley
Thick Dumbbell
Cambered Bar
Fat Gripz
Stirrup Handles
Rope Attachment
add Custom",
,Trap 3 Raise - Standing,"Pronated Grip
Semi-Pronated Grip
Neutral Grip
Semi-Supinated Grip
Supinated Grip
Supinating Grip","30°  Incline
45°  Incline
60°  Incline        
75°  Incline
Close Grip
Medium Grip
Wide Grip","Barbell
Dumbbell
T-Grip Barbell
Football Bar
Thick Barbell
TRX
Kettlebell
EZ Bar
Log Bar
Low Pulley
Mid Pulley
High Pulley
Thick Dumbbell
Cambered Bar
Fat Gripz
Stirrup Handles
Rope Attachment
add Custom",
,Trap 3 Raise - Incline - Supported,"Pronated Grip
Semi-Pronated Grip
Neutral Grip
Semi-Supinated Grip
Supinated Grip
Supinating Grip","30°  Incline
45°  Incline
60°  Incline        
75°  Incline
Close Grip
Medium Grip
Wide Grip","Barbell
Dumbbell
T-Grip Barbell
Football Bar
Thick Barbell
TRX
Kettlebell
EZ Bar
Log Bar
Low Pulley
Mid Pulley
High Pulley
Thick Dumbbell
Cambered Bar
Fat Gripz
Stirrup Handles
Rope Attachment
add Custom",
Biceps,Incline DB Curl,"30°  Incline
45°  Incline
60°  Incline        
75°  Incline
Flat","Offset Grip
1.25 reps
Close Grip
Medium Grip
Wide Grip
One-Arm
Pronated Grip","EZ Bar
High Pulley
Mid Pulley
Barbell
Dumbbell
Thick Barbell
Thick Dumbbell
Triceps Bar
T-Grip Barbell
Rope",
,Incline DB Hammer Curl,"30°  Incline
45°  Incline
60°  Incline        
75°  Incline
Flat","Offset Grip
1.25 reps
Close Grip
Medium Grip
Wide Grip
One-Arm
Pronated Grip","EZ Bar
High Pulley
Mid Pulley
Barbell
Dumbbell
Thick Barbell
Thick Dumbbell
Triceps Bar
T-Grip Barbell
Rope",
,Incline DB Supinating Curl,"30°  Incline
45°  Incline
60°  Incline        
75°  Incline
Flat","Offset Grip
1.25 reps
Close Grip
Medium Grip
Wide Grip
One-Arm
Pronated Grip","EZ Bar
High Pulley
Mid Pulley
Barbell
Dumbbell
Thick Barbell
Thick Dumbbell
Triceps Bar
T-Grip Barbell
Rope",
,Incline DB Zottman Curl,"30°  Incline
45°  Incline
60°  Incline        
75°  Incline
Flat","Offset Grip
1.25 reps
Close Grip
Medium Grip
Wide Grip
One-Arm
Pronated Grip","EZ Bar
High Pulley
Mid Pulley
Barbell
Dumbbell
Thick Barbell
Thick Dumbbell
Triceps Bar
T-Grip Barbell
Rope",
,Machine Biceps Curl,"30°  Incline
45°  Incline
60°  Incline        
75°  Incline
Flat","Offset Grip
1.25 reps
Close Grip
Medium Grip
Wide Grip
One-Arm
Pronated Grip","EZ Bar
High Pulley
Mid Pulley
Barbell
Dumbbell
Thick Barbell
Thick Dumbbell
Triceps Bar
T-Grip Barbell
Rope",
,Prone Barbell Curl ,"30°  Incline
45°  Incline
60°  Incline        
75°  Incline
Flat","Offset Grip
1.25 reps
Close Grip
Medium Grip
Wide Grip
One-Arm
Pronated Grip","EZ Bar
High Pulley
Mid Pulley
Barbell
Dumbbell
Thick Barbell
Thick Dumbbell
Triceps Bar
T-Grip Barbell
Rope",
,Prone DB Hammer Curl,"30°  Incline
45°  Incline
60°  Incline        
75°  Incline
Flat","Offset Grip
1.25 reps
Close Grip
Medium Grip
Wide Grip
One-Arm
Pronated Grip","EZ Bar
High Pulley
Mid Pulley
Barbell
Dumbbell
Thick Barbell
Thick Dumbbell
Triceps Bar
T-Grip Barbell
Rope",
,Prone DB Supinating Curl,"30°  Incline
45°  Incline
60°  Incline        
75°  Incline
Flat","Offset Grip
1.25 reps
Close Grip
Medium Grip
Wide Grip
One-Arm
Pronated Grip","EZ Bar
High Pulley
Mid Pulley
Barbell
Dumbbell
Thick Barbell
Thick Dumbbell
Triceps Bar
T-Grip Barbell
Rope",
,Prone DB Zottman Curl,"30°  Incline
45°  Incline
60°  Incline        
75°  Incline
Flat","Offset Grip
1.25 reps
Close Grip
Medium Grip
Wide Grip
One-Arm
Pronated Grip","EZ Bar
High Pulley
Mid Pulley
Barbell
Dumbbell
Thick Barbell
Thick Dumbbell
Triceps Bar
T-Grip Barbell
Rope",
,Prone EZ Bar Curl,"30°  Incline
45°  Incline
60°  Incline        
75°  Incline
Flat","Offset Grip
1.25 reps
Close Grip
Medium Grip
Wide Grip
One-Arm
Pronated Grip","EZ Bar
High Pulley
Mid Pulley
Barbell
Dumbbell
Thick Barbell
Thick Dumbbell
Triceps Bar
T-Grip Barbell
Rope",
,Prone EZ Bar Reverse Curl,"30°  Incline
45°  Incline
60°  Incline        
75°  Incline
Flat","Offset Grip
1.25 reps
Close Grip
Medium Grip
Wide Grip
One-Arm
Pronated Grip","EZ Bar
High Pulley
Mid Pulley
Barbell
Dumbbell
Thick Barbell
Thick Dumbbell
Triceps Bar
T-Grip Barbell
Rope",
,Scott Bench Barbell Curl,"30°  Incline
45°  Incline
60°  Incline        
75°  Incline
Flat","Offset Grip
1.25 reps
Close Grip
Medium Grip
Wide Grip
One-Arm
Pronated Grip","EZ Bar
High Pulley
Mid Pulley
Barbell
Dumbbell
Thick Barbell
Thick Dumbbell
Triceps Bar
T-Grip Barbell
Rope",
,Scott Bench EZ Bar Curl,"30°  Incline
45°  Incline
60°  Incline        
75°  Incline
Flat","Offset Grip
1.25 reps
Close Grip
Medium Grip
Wide Grip
One-Arm
Pronated Grip","EZ Bar
High Pulley
Mid Pulley
Barbell
Dumbbell
Thick Barbell
Thick Dumbbell
Triceps Bar
T-Grip Barbell
Rope",
,Scott EZ Bar Reverse-Grip Curl,"30°  Incline
45°  Incline
60°  Incline        
75°  Incline
Flat","Offset Grip
1.25 reps
Close Grip
Medium Grip
Wide Grip
One-Arm
Pronated Grip","EZ Bar
High Pulley
Mid Pulley
Barbell
Dumbbell
Thick Barbell
Thick Dumbbell
Triceps Bar
T-Grip Barbell
Rope",
,Scott DB Curl,"30°  Incline
45°  Incline
60°  Incline        
75°  Incline
Flat","Offset Grip
1.25 reps
Close Grip
Medium Grip
Wide Grip
One-Arm
Pronated Grip","EZ Bar
High Pulley
Mid Pulley
Barbell
Dumbbell
Thick Barbell
Thick Dumbbell
Triceps Bar
T-Grip Barbell
Rope",
,Scott 1-Arm DB Zottman Curl,"30°  Incline
45°  Incline
60°  Incline        
75°  Incline
Flat","Offset Grip
1.25 reps
Close Grip
Medium Grip
Wide Grip
One-Arm
Pronated Grip","EZ Bar
High Pulley
Mid Pulley
Barbell
Dumbbell
Thick Barbell
Thick Dumbbell
Triceps Bar
T-Grip Barbell
Rope",
,Seated Machine Curl,"30°  Incline
45°  Incline
60°  Incline        
75°  Incline
Flat","Offset Grip
1.25 reps
Close Grip
Medium Grip
Wide Grip
One-Arm
Pronated Grip","EZ Bar
High Pulley
Mid Pulley
Barbell
Dumbbell
Thick Barbell
Thick Dumbbell
Triceps Bar
T-Grip Barbell
Rope",
,Seated DB Biceps Curl,"30°  Incline
45°  Incline
60°  Incline        
75°  Incline
Flat","Offset Grip
1.25 reps
Close Grip
Medium Grip
Wide Grip
One-Arm
Pronated Grip","EZ Bar
High Pulley
Mid Pulley
Barbell
Dumbbell
Thick Barbell
Thick Dumbbell
Triceps Bar
T-Grip Barbell
Rope",
,Seated Offset-Grip DB Curl,"30°  Incline
45°  Incline
60°  Incline        
75°  Incline
Flat","Offset Grip
1.25 reps
Close Grip
Medium Grip
Wide Grip
One-Arm
Pronated Grip","EZ Bar
High Pulley
Mid Pulley
Barbell
Dumbbell
Thick Barbell
Thick Dumbbell
Triceps Bar
T-Grip Barbell
Rope",
,Seated DB Zottman Curls,"30°  Incline
45°  Incline
60°  Incline        
75°  Incline
Flat","Offset Grip
1.25 reps
Close Grip
Medium Grip
Wide Grip
One-Arm
Pronated Grip","EZ Bar
High Pulley
Mid Pulley
Barbell
Dumbbell
Thick Barbell
Thick Dumbbell
Triceps Bar
T-Grip Barbell
Rope",
,Seated DB Hammer Curl,"30°  Incline
45°  Incline
60°  Incline        
75°  Incline
Flat","Offset Grip
1.25 reps
Close Grip
Medium Grip
Wide Grip
One-Arm
Pronated Grip","EZ Bar
High Pulley
Mid Pulley
Barbell
Dumbbell
Thick Barbell
Thick Dumbbell
Triceps Bar
T-Grip Barbell
Rope",
,Seated DB Concentration Curl,"30°  Incline
45°  Incline
60°  Incline        
75°  Incline
Flat","Offset Grip
1.25 reps
Close Grip
Medium Grip
Wide Grip
One-Arm
Pronated Grip","EZ Bar
High Pulley
Mid Pulley
Barbell
Dumbbell
Thick Barbell
Thick Dumbbell
Triceps Bar
T-Grip Barbell
Rope",
,Standing Barbell Curl,"30°  Incline
45°  Incline
60°  Incline        
75°  Incline
Flat","Offset Grip
1.25 reps
Close Grip
Medium Grip
Wide Grip
One-Arm
Pronated Grip","EZ Bar
High Pulley
Mid Pulley
Barbell
Dumbbell
Thick Barbell
Thick Dumbbell
Triceps Bar
T-Grip Barbell
Rope",
,Standing Barbell Spider Curl,"30°  Incline
45°  Incline
60°  Incline        
75°  Incline
Flat","Offset Grip
1.25 reps
Close Grip
Medium Grip
Wide Grip
One-Arm
Pronated Grip","EZ Bar
High Pulley
Mid Pulley
Barbell
Dumbbell
Thick Barbell
Thick Dumbbell
Triceps Bar
T-Grip Barbell
Rope",
,Standing DB Curl,"30°  Incline
45°  Incline
60°  Incline        
75°  Incline
Flat","Offset Grip
1.25 reps
Close Grip
Medium Grip
Wide Grip
One-Arm
Pronated Grip","EZ Bar
High Pulley
Mid Pulley
Barbell
Dumbbell
Thick Barbell
Thick Dumbbell
Triceps Bar
T-Grip Barbell
Rope",
,Standing Offset-Grip DB Curl,"30°  Incline
45°  Incline
60°  Incline        
75°  Incline
Flat","Offset Grip
1.25 reps
Close Grip
Medium Grip
Wide Grip
One-Arm
Pronated Grip","EZ Bar
High Pulley
Mid Pulley
Barbell
Dumbbell
Thick Barbell
Thick Dumbbell
Triceps Bar
T-Grip Barbell
Rope",
,Standing DB Zottman Curl,"30°  Incline
45°  Incline
60°  Incline        
75°  Incline
Flat","Offset Grip
1.25 reps
Close Grip
Medium Grip
Wide Grip
One-Arm
Pronated Grip","EZ Bar
High Pulley
Mid Pulley
Barbell
Dumbbell
Thick Barbell
Thick Dumbbell
Triceps Bar
T-Grip Barbell
Rope",
,Standing DB Midline Hammer Curl,"30°  Incline
45°  Incline
60°  Incline        
75°  Incline
Flat","Offset Grip
1.25 reps
Close Grip
Medium Grip
Wide Grip
One-Arm
Pronated Grip","EZ Bar
High Pulley
Mid Pulley
Barbell
Dumbbell
Thick Barbell
Thick Dumbbell
Triceps Bar
T-Grip Barbell
Rope",
,Standing EZ Bar Curl,"30°  Incline
45°  Incline
60°  Incline        
75°  Incline
Flat","Offset Grip
1.25 reps
Close Grip
Medium Grip
Wide Grip
One-Arm
Pronated Grip","EZ Bar
High Pulley
Mid Pulley
Barbell
Dumbbell
Thick Barbell
Thick Dumbbell
Triceps Bar
T-Grip Barbell
Rope",
,Standing EZ Bar Reverse-Grip Curl,"30°  Incline
45°  Incline
60°  Incline        
75°  Incline
Flat","Offset Grip
1.25 reps
Close Grip
Medium Grip
Wide Grip
One-Arm
Pronated Grip","EZ Bar
High Pulley
Mid Pulley
Barbell
Dumbbell
Thick Barbell
Thick Dumbbell
Triceps Bar
T-Grip Barbell
Rope",
,Standing Cable Curl,"30°  Incline
45°  Incline
60°  Incline        
75°  Incline
Flat","Offset Grip
1.25 reps
Close Grip
Medium Grip
Wide Grip
One-Arm
Pronated Grip","EZ Bar
High Pulley
Mid Pulley
Barbell
Dumbbell
Thick Barbell
Thick Dumbbell
Triceps Bar
T-Grip Barbell
Rope",
,Standing Cable EZ Bar Curl,"30°  Incline
45°  Incline
60°  Incline        
75°  Incline
Flat","Offset Grip
1.25 reps
Close Grip
Medium Grip
Wide Grip
One-Arm
Pronated Grip","EZ Bar
High Pulley
Mid Pulley
Barbell
Dumbbell
Thick Barbell
Thick Dumbbell
Triceps Bar
T-Grip Barbell
Rope",
,Standing Cable EZ Bar Reverse-Grip Curl,"30°  Incline
45°  Incline
60°  Incline        
75°  Incline
Flat","Offset Grip
1.25 reps
Close Grip
Medium Grip
Wide Grip
One-Arm
Pronated Grip","EZ Bar
High Pulley
Mid Pulley
Barbell
Dumbbell
Thick Barbell
Thick Dumbbell
Triceps Bar
T-Grip Barbell
Rope",
,Supine Cable Curl,"30°  Incline
45°  Incline
60°  Incline        
75°  Incline
Flat","Offset Grip
1.25 reps
Close Grip
Medium Grip
Wide Grip
One-Arm
Pronated Grip","EZ Bar
High Pulley
Mid Pulley
Barbell
Dumbbell
Thick Barbell
Thick Dumbbell
Triceps Bar
T-Grip Barbell
Rope",
,Supine EZ Bar Reverse-Grip  Cable Curl,"30°  Incline
45°  Incline
60°  Incline        
75°  Incline
Flat","Offset Grip
1.25 reps
Close Grip
Medium Grip
Wide Grip
One-Arm
Pronated Grip","EZ Bar
High Pulley
Mid Pulley
Barbell
Dumbbell
Thick Barbell
Thick Dumbbell
Triceps Bar
T-Grip Barbell
Rope",
Calves,Tibialis Anterior Flexion - Standing,"Uni-Lateral
Narrow Stance
Hip Width Stance
Wide Stance",,"Dumbbell
Kettlebell
Sandbag
Barbell
Safety Bar
Band
Low Pulley
Mid Pulley
High Pulley
Chains
Weighted Vest",
,Tibialis Anterior Flexion - Standing - Machine,"Uni-Lateral
Narrow Stance
Hip Width Stance
Wide Stance",,"Dumbbell
Kettlebell
Sandbag
Barbell
Safety Bar
Band
Low Pulley
Mid Pulley
High Pulley
Chains
Weighted Vest",
,Tibialis Anterior Flexion - Seated - Uni-lateral w/band,"Uni-Lateral
Narrow Stance
Hip Width Stance
Wide Stance",,"Dumbbell
Kettlebell
Sandbag
Barbell
Safety Bar
Band
Low Pulley
Mid Pulley
High Pulley
Chains
Weighted Vest",
,Tibialis Anterior Flexion - Donkey Calf ,"Uni-Lateral
Narrow Stance
Hip Width Stance
Wide Stance",,"Dumbbell
Kettlebell
Sandbag
Barbell
Safety Bar
Band
Low Pulley
Mid Pulley
High Pulley
Chains
Weighted Vest",
,Tibialis Anterior Flexion - Seated - Machine,"Uni-Lateral
Narrow Stance
Hip Width Stance
Wide Stance",,"Dumbbell
Kettlebell
Sandbag
Barbell
Safety Bar
Band
Low Pulley
Mid Pulley
High Pulley
Chains
Weighted Vest",
,Calf Press,"Uni-Lateral
Narrow Stance
Hip Width Stance
Wide Stance",,"Dumbbell
Kettlebell
Sandbag
Barbell
Safety Bar
Band
Low Pulley
Mid Pulley
High Pulley
Chains
Weighted Vest",
,Donkey Calf Raise,"Uni-Lateral
Narrow Stance
Hip Width Stance
Wide Stance",,"Dumbbell
Kettlebell
Sandbag
Barbell
Safety Bar
Band
Low Pulley
Mid Pulley
High Pulley
Chains
Weighted Vest",
,Donkey Calf Raise - Machine,"Uni-Lateral
Narrow Stance
Hip Width Stance
Wide Stance",,"Dumbbell
Kettlebell
Sandbag
Barbell
Safety Bar
Band
Low Pulley
Mid Pulley
High Pulley
Chains
Weighted Vest",
,Standing Calf Raise - Machine,"Uni-Lateral
Narrow Stance
Hip Width Stance
Wide Stance",,"Dumbbell
Kettlebell
Sandbag
Barbell
Safety Bar
Band
Low Pulley
Mid Pulley
High Pulley
Chains
Weighted Vest",
,Standing Calf Raise - Unilateral,"Uni-Lateral
Narrow Stance
Hip Width Stance
Wide Stance",,"Dumbbell
Kettlebell
Sandbag
Barbell
Safety Bar
Band
Low Pulley
Mid Pulley
High Pulley
Chains
Weighted Vest",
,Seated Calf Raise - Machine,"Uni-Lateral
Narrow Stance
Hip Width Stance
Wide Stance",,"Dumbbell
Kettlebell
Sandbag
Barbell
Safety Bar
Band
Low Pulley
Mid Pulley
High Pulley
Chains
Weighted Vest",
,Seated Calf Raise - DB - Unilateral,"Uni-Lateral
Narrow Stance
Hip Width Stance
Wide Stance",,"Dumbbell
Kettlebell
Sandbag
Barbell
Safety Bar
Band
Low Pulley
Mid Pulley
High Pulley
Chains
Weighted Vest",
Forearms,Gripper Machine,"One-Arm
Close Grip
Medium Grip
Wide Grip
Triceps Rope
Hammer Rope",,"Captains of Crush
Leverage Bar
Clubbell
Dumbbell
Barbell
Kettlebell
Fat Grip Barbell
Low Pulley
Mid Pulley
High Pulley
Zenith Gripper",
,Spring Gripper,"One-Arm
Close Grip
Medium Grip
Wide Grip
Triceps Rope
Hammer Rope",,"Captains of Crush
Leverage Bar
Clubbell
Dumbbell
Barbell
Kettlebell
Fat Grip Barbell
Low Pulley
Mid Pulley
High Pulley
Zenith Gripper",
,Radial Flexion,"One-Arm
Close Grip
Medium Grip
Wide Grip
Triceps Rope
Hammer Rope",,"Captains of Crush
Leverage Bar
Clubbell
Dumbbell
Barbell
Kettlebell
Fat Grip Barbell
Low Pulley
Mid Pulley
High Pulley
Zenith Gripper",
,Ulnar Flexion,"One-Arm
Close Grip
Medium Grip
Wide Grip
Triceps Rope
Hammer Rope",,"Captains of Crush
Leverage Bar
Clubbell
Dumbbell
Barbell
Kettlebell
Fat Grip Barbell
Low Pulley
Mid Pulley
High Pulley
Zenith Gripper",
,Wrist Curl - Forearm bench - Barbell,"One-Arm
Close Grip
Medium Grip
Wide Grip
Triceps Rope
Hammer Rope",,"Captains of Crush
Leverage Bar
Clubbell
Dumbbell
Barbell
Kettlebell
Fat Grip Barbell
Low Pulley
Mid Pulley
High Pulley
Zenith Gripper",
,Wrist Curl - Forearm Bench- DB,"One-Arm
Close Grip
Medium Grip
Wide Grip
Triceps Rope
Hammer Rope",,"Captains of Crush
Leverage Bar
Clubbell
Dumbbell
Barbell
Kettlebell
Fat Grip Barbell
Low Pulley
Mid Pulley
High Pulley
Zenith Gripper",
,Wrist Curl - Flat Bench - Cable,"One-Arm
Close Grip
Medium Grip
Wide Grip
Triceps Rope
Hammer Rope",,"Captains of Crush
Leverage Bar
Clubbell
Dumbbell
Barbell
Kettlebell
Fat Grip Barbell
Low Pulley
Mid Pulley
High Pulley
Zenith Gripper",
,Wrist Curl - Standing - Behind the Back,"One-Arm
Close Grip
Medium Grip
Wide Grip
Triceps Rope
Hammer Rope",,"Captains of Crush
Leverage Bar
Clubbell
Dumbbell
Barbell
Kettlebell
Fat Grip Barbell
Low Pulley
Mid Pulley
High Pulley
Zenith Gripper",
,Wrist Extension - Forearm Bench - Barbell,"One-Arm
Close Grip
Medium Grip
Wide Grip
Triceps Rope
Hammer Rope",,"Captains of Crush
Leverage Bar
Clubbell
Dumbbell
Barbell
Kettlebell
Fat Grip Barbell
Low Pulley
Mid Pulley
High Pulley
Zenith Gripper",
,Wrist Extension - Forearm Bench - DB,"One-Arm
Close Grip
Medium Grip
Wide Grip
Triceps Rope
Hammer Rope",,"Captains of Crush
Leverage Bar
Clubbell
Dumbbell
Barbell
Kettlebell
Fat Grip Barbell
Low Pulley
Mid Pulley
High Pulley
Zenith Gripper",
,Wrist Extension - Incline Bench - One-Arm Cable,"One-Arm
Close Grip
Medium Grip
Wide Grip
Triceps Rope
Hammer Rope",,"Captains of Crush
Leverage Bar
Clubbell
Dumbbell
Barbell
Kettlebell
Fat Grip Barbell
Low Pulley
Mid Pulley
High Pulley
Zenith Gripper",
,Wrist Pronation - Hammer Rope - Cable,"One-Arm
Close Grip
Medium Grip
Wide Grip
Triceps Rope
Hammer Rope",,"Captains of Crush
Leverage Bar
Clubbell
Dumbbell
Barbell
Kettlebell
Fat Grip Barbell
Low Pulley
Mid Pulley
High Pulley
Zenith Gripper",
,Wrist Supination - Hammer Rope - Cable,"One-Arm
Close Grip
Medium Grip
Wide Grip
Triceps Rope
Hammer Rope",,"Captains of Crush
Leverage Bar
Clubbell
Dumbbell
Barbell
Kettlebell
Fat Grip Barbell
Low Pulley
Mid Pulley
High Pulley
Zenith Gripper",
,Wrist Supination - DB,"One-Arm
Close Grip
Medium Grip
Wide Grip
Triceps Rope
Hammer Rope",,"Captains of Crush
Leverage Bar
Clubbell
Dumbbell
Barbell
Kettlebell
Fat Grip Barbell
Low Pulley
Mid Pulley
High Pulley
Zenith Gripper",
,Wrist Roller,"One-Arm
Close Grip
Medium Grip
Wide Grip
Triceps Rope
Hammer Rope",,"Captains of Crush
Leverage Bar
Clubbell
Dumbbell
Barbell
Kettlebell
Fat Grip Barbell
Low Pulley
Mid Pulley
High Pulley
Zenith Gripper",
,Wrist Extension - Squatting Low Pulley,"One-Arm
Close Grip
Medium Grip
Wide Grip
Triceps Rope
Hammer Rope",,"Captains of Crush
Leverage Bar
Clubbell
Dumbbell
Barbell
Kettlebell
Fat Grip Barbell
Low Pulley
Mid Pulley
High Pulley
Zenith Gripper",
,Wrist Supination - Kneeling Low Pulley,"One-Arm
Close Grip
Medium Grip
Wide Grip
Triceps Rope
Hammer Rope",,"Captains of Crush
Leverage Bar
Clubbell
Dumbbell
Barbell
Kettlebell
Fat Grip Barbell
Low Pulley
Mid Pulley
High Pulley
Zenith Gripper",
Hamstrings,TRX Leg Curl - Bilateral,"Uni-Lateral
Heels Together
Hip Width Stance
Wide Stance
Dorsiflexed
Plantarflexed
Poliquin
2 up 1 down
1.25 reps
",,"Dumbbell
Kettlebell
Barbell
Banded
Medicine Ball
weight vest
Chains
Low Pulley
Mid Pulley
High Pulley",
,TRX Leg Curl - Alternating,"Uni-Lateral
Heels Together
Hip Width Stance
Wide Stance
Dorsiflexed
Plantarflexed
Poliquin
2 up 1 down
1.25 reps
",,"Dumbbell
Kettlebell
Barbell
Banded
Medicine Ball
weight vest
Chains
Low Pulley
Mid Pulley
High Pulley",
,Swiss Ball Leg Curl,"Uni-Lateral
Heels Together
Hip Width Stance
Wide Stance
Dorsiflexed
Plantarflexed
Poliquin
2 up 1 down
1.25 reps
",,"Dumbbell
Kettlebell
Barbell
Banded
Medicine Ball
weight vest
Chains
Low Pulley
Mid Pulley
High Pulley",
,Swiss Ball Leg Curl - 2 up 1 down,"Uni-Lateral
Heels Together
Hip Width Stance
Wide Stance
Dorsiflexed
Plantarflexed
Poliquin
2 up 1 down
1.25 reps
",,"Dumbbell
Kettlebell
Barbell
Banded
Medicine Ball
weight vest
Chains
Low Pulley
Mid Pulley
High Pulley",
,Kneeling Leg Curl - Dorsiflexed,"Uni-Lateral
Heels Together
Hip Width Stance
Wide Stance
Dorsiflexed
Plantarflexed
Poliquin
2 up 1 down
1.25 reps
",,"Dumbbell
Kettlebell
Barbell
Banded
Medicine Ball
weight vest
Chains
Low Pulley
Mid Pulley
High Pulley",
,Kneeling Leg Curl - Plantarflexed,"Uni-Lateral
Heels Together
Hip Width Stance
Wide Stance
Dorsiflexed
Plantarflexed
Poliquin
2 up 1 down
1.25 reps
",,"Dumbbell
Kettlebell
Barbell
Banded
Medicine Ball
weight vest
Chains
Low Pulley
Mid Pulley
High Pulley",
,Kneeling Leg Curl - Poliquin,"Uni-Lateral
Heels Together
Hip Width Stance
Wide Stance
Dorsiflexed
Plantarflexed
Poliquin
2 up 1 down
1.25 reps
",,"Dumbbell
Kettlebell
Barbell
Banded
Medicine Ball
weight vest
Chains
Low Pulley
Mid Pulley
High Pulley",
,Prone Leg Curl - Dorsiflexed,"Uni-Lateral
Heels Together
Hip Width Stance
Wide Stance
Dorsiflexed
Plantarflexed
Poliquin
2 up 1 down
1.25 reps
",,"Dumbbell
Kettlebell
Barbell
Banded
Medicine Ball
weight vest
Chains
Low Pulley
Mid Pulley
High Pulley",
,Prone Leg Curl - Plantarflexed,"Uni-Lateral
Heels Together
Hip Width Stance
Wide Stance
Dorsiflexed
Plantarflexed
Poliquin
2 up 1 down
1.25 reps
",,"Dumbbell
Kettlebell
Barbell
Banded
Medicine Ball
weight vest
Chains
Low Pulley
Mid Pulley
High Pulley",
,Prone Leg Curl - Poliquin,"Uni-Lateral
Heels Together
Hip Width Stance
Wide Stance
Dorsiflexed
Plantarflexed
Poliquin
2 up 1 down
1.25 reps
",,"Dumbbell
Kettlebell
Barbell
Banded
Medicine Ball
weight vest
Chains
Low Pulley
Mid Pulley
High Pulley",
,Prone Leg Curl - 2 up 1 down,"Uni-Lateral
Heels Together
Hip Width Stance
Wide Stance
Dorsiflexed
Plantarflexed
Poliquin
2 up 1 down
1.25 reps
",,"Dumbbell
Kettlebell
Barbell
Banded
Medicine Ball
weight vest
Chains
Low Pulley
Mid Pulley
High Pulley",
,Glute-Hamstrings Raise,"Uni-Lateral
Heels Together
Hip Width Stance
Wide Stance
Dorsiflexed
Plantarflexed
Poliquin
2 up 1 down
1.25 reps
",,"Dumbbell
Kettlebell
Barbell
Banded
Medicine Ball
weight vest
Chains
Low Pulley
Mid Pulley
High Pulley",
,Nordic Eccentric Hamstrings Curl,"Uni-Lateral
Heels Together
Hip Width Stance
Wide Stance
Dorsiflexed
Plantarflexed
Poliquin
2 up 1 down
1.25 reps
",,"Dumbbell
Kettlebell
Barbell
Banded
Medicine Ball
weight vest
Chains
Low Pulley
Mid Pulley
High Pulley",
,Seated Leg Curl ,"Uni-Lateral
Heels Together
Hip Width Stance
Wide Stance
Dorsiflexed
Plantarflexed
Poliquin
2 up 1 down
1.25 reps
",,"Dumbbell
Kettlebell
Barbell
Banded
Medicine Ball
weight vest
Chains
Low Pulley
Mid Pulley
High Pulley",
,Standing Leg Curl,"Uni-Lateral
Heels Together
Hip Width Stance
Wide Stance
Dorsiflexed
Plantarflexed
Poliquin
2 up 1 down
1.25 reps
",,"Dumbbell
Kettlebell
Barbell
Banded
Medicine Ball
weight vest
Chains
Low Pulley
Mid Pulley
High Pulley",
Neck,"Neck Extension, Prone","Harness            
Machine            
Standing  Swiss Ball          
Supine  Swiss Ball          
Towel            
Isometric
Kneeling",,"Low Pulley
Mid Pulley
High Pulley
Bands
Dumbbell
weight plate
Band ",
,"Neck Extension, Machine","Harness            
Machine            
Standing  Swiss Ball          
Supine  Swiss Ball          
Towel            
Isometric
Kneeling",,"Low Pulley
Mid Pulley
High Pulley
Bands
Dumbbell
weight plate
Band ",
,Neck Extension - Standing - Swiss Ball,"Harness            
Machine            
Standing  Swiss Ball          
Supine  Swiss Ball          
Towel            
Isometric
Kneeling",,"Low Pulley
Mid Pulley
High Pulley
Bands
Dumbbell
weight plate
Band ",
,Neck Extension - Supine - Swiss Ball,"Harness            
Machine            
Standing  Swiss Ball          
Supine  Swiss Ball          
Towel            
Isometric
Kneeling",,"Low Pulley
Mid Pulley
High Pulley
Bands
Dumbbell
weight plate
Band ",
,Neck Extension - Harness,"Harness            
Machine            
Standing  Swiss Ball          
Supine  Swiss Ball          
Towel            
Isometric
Kneeling",,"Low Pulley
Mid Pulley
High Pulley
Bands
Dumbbell
weight plate
Band ",
,Neck Flexion - Supine,"Harness            
Machine            
Standing  Swiss Ball          
Supine  Swiss Ball          
Towel            
Isometric
Kneeling",,"Low Pulley
Mid Pulley
High Pulley
Bands
Dumbbell
weight plate
Band ",
,Neck Flexion - Machine,"Harness            
Machine            
Standing  Swiss Ball          
Supine  Swiss Ball          
Towel            
Isometric
Kneeling",,"Low Pulley
Mid Pulley
High Pulley
Bands
Dumbbell
weight plate
Band ",
,Neck Flexion - Standing - Swiss Ball,"Harness            
Machine            
Standing  Swiss Ball          
Supine  Swiss Ball          
Towel            
Isometric
Kneeling",,"Low Pulley
Mid Pulley
High Pulley
Bands
Dumbbell
weight plate
Band ",
,Neck Flexion - Kneeling - Swiss Ball,"Harness            
Machine            
Standing  Swiss Ball          
Supine  Swiss Ball          
Towel            
Isometric
Kneeling",,"Low Pulley
Mid Pulley
High Pulley
Bands
Dumbbell
weight plate
Band ",
,Neck Lateral Flexion - Swiss Ball,"Harness            
Machine            
Standing  Swiss Ball          
Supine  Swiss Ball          
Towel            
Isometric
Kneeling",,"Low Pulley
Mid Pulley
High Pulley
Bands
Dumbbell
weight plate
Band ",
,Neck Lateral Flexion - Machine,"Harness            
Machine            
Standing  Swiss Ball          
Supine  Swiss Ball          
Towel            
Isometric
Kneeling",,"Low Pulley
Mid Pulley
High Pulley
Bands
Dumbbell
weight plate
Band ",
,Neck Lateral Flexion - Harness,"Harness            
Machine            
Standing  Swiss Ball          
Supine  Swiss Ball          
Towel            
Isometric
Kneeling",,"Low Pulley
Mid Pulley
High Pulley
Bands
Dumbbell
weight plate
Band ",
Pectorals,Incline Bench Press,"10° Incline      
15° Incline
30° Incline      
45° Incline
60° Incline       
75° Incline       ","Close Grip - Neutral
Close Grip - Pronated
Close Grip - Semi Pronated
Medium Grip - Neutral
Medium Grip - Pronated
Medium Grip - Semi-Pronated
Wide Grip - Neutral
Wide Grip - Pronated
Wide Grip - Semi Pronated","Barbell
Dumbbell
T-Grip Bar
Football Bar
Thick Bar
TRX
Kettlebell
EZ Bar
Log Bar
Low Pulley
Mid Pulley
High Pulley
Thick Dumbbell
Cambered Bar
Fat Gripz
Multi-Grip Bar
add Custom",
,Incline Bench Press - Mid Grip,"10° Incline      
15° Incline
30° Incline      
45° Incline
60° Incline       
75° Incline       ","Close Grip - Neutral
Close Grip - Pronated
Close Grip - Semi Pronated
Medium Grip - Neutral
Medium Grip - Pronated
Medium Grip - Semi-Pronated
Wide Grip - Neutral
Wide Grip - Pronated
Wide Grip - Semi Pronated","Barbell
Dumbbell
T-Grip Bar
Football Bar
Thick Bar
TRX
Kettlebell
EZ Bar
Log Bar
Low Pulley
Mid Pulley
High Pulley
Thick Dumbbell
Cambered Bar
Fat Gripz
Multi-Grip Bar
add Custom",
,Incline Bench Press - Wide Grip,"10° Incline      
15° Incline
30° Incline      
45° Incline
60° Incline       
75° Incline       ","Close Grip - Neutral
Close Grip - Pronated
Close Grip - Semi Pronated
Medium Grip - Neutral
Medium Grip - Pronated
Medium Grip - Semi-Pronated
Wide Grip - Neutral
Wide Grip - Pronated
Wide Grip - Semi Pronated","Barbell
Dumbbell
T-Grip Bar
Football Bar
Thick Bar
TRX
Kettlebell
EZ Bar
Log Bar
Low Pulley
Mid Pulley
High Pulley
Thick Dumbbell
Cambered Bar
Fat Gripz
Multi-Grip Bar
add Custom",
,Incline Bench Press - Neutral Grip,"10° Incline      
15° Incline
30° Incline      
45° Incline
60° Incline       
75° Incline       ","Close Grip - Neutral
Close Grip - Pronated
Close Grip - Semi Pronated
Medium Grip - Neutral
Medium Grip - Pronated
Medium Grip - Semi-Pronated
Wide Grip - Neutral
Wide Grip - Pronated
Wide Grip - Semi Pronated","Barbell
Dumbbell
T-Grip Bar
Football Bar
Thick Bar
TRX
Kettlebell
EZ Bar
Log Bar
Low Pulley
Mid Pulley
High Pulley
Thick Dumbbell
Cambered Bar
Fat Gripz
Multi-Grip Bar
add Custom",
,Incline DB Bench Press - Neutral Grip,"10° Incline      
15° Incline
30° Incline      
45° Incline
60° Incline       
75° Incline       ","Neutral Grip
Pronated Grip
Semi-Pronated Grip
Semi-Supinated Grip
Rotating Grip","Barbell
Dumbbell
T-Grip Bar
Football Bar
Thick Bar
TRX
Kettlebell
EZ Bar
Log Bar
Low Pulley
Mid Pulley
High Pulley
Thick Dumbbell
Cambered Bar
Fat Gripz
Multi-Grip Bar
add Custom",
,Incline DB Bench Press - Pronated Grip,"10° Incline      
15° Incline
30° Incline      
45° Incline
60° Incline       
75° Incline       ","Neutral Grip
Pronated Grip
Semi-Pronated Grip
Semi-Supinated Grip
Rotating Grip","Barbell
Dumbbell
T-Grip Bar
Football Bar
Thick Bar
TRX
Kettlebell
EZ Bar
Log Bar
Low Pulley
Mid Pulley
High Pulley
Thick Dumbbell
Cambered Bar
Fat Gripz
Multi-Grip Bar
add Custom",
,Incline DB Bench Press - Rotating Grip,"10° Incline      
15° Incline
30° Incline      
45° Incline
60° Incline       
75° Incline       ","Neutral Grip
Pronated Grip
Semi-Pronated Grip
Semi-Supinated Grip
Rotating Grip","Barbell
Dumbbell
T-Grip Bar
Football Bar
Thick Bar
TRX
Kettlebell
EZ Bar
Log Bar
Low Pulley
Mid Pulley
High Pulley
Thick Dumbbell
Cambered Bar
Fat Gripz
Multi-Grip Bar
add Custom",
,Incline DB Bench Press - Semi-Pronated Grip,"10° Incline      
15° Incline
30° Incline      
45° Incline
60° Incline       
75° Incline       ","Neutral Grip
Pronated Grip
Semi-Pronated Grip
Semi-Supinated Grip
Rotating Grip","Barbell
Dumbbell
T-Grip Bar
Football Bar
Thick Bar
TRX
Kettlebell
EZ Bar
Log Bar
Low Pulley
Mid Pulley
High Pulley
Thick Dumbbell
Cambered Bar
Fat Gripz
Multi-Grip Bar
add Custom",
,Incline DB Bench Press - Semi-Supinated Grip,"10° Incline      
15° Incline
30° Incline      
45° Incline
60° Incline       
75° Incline       ","Neutral Grip
Pronated Grip
Semi-Pronated Grip
Semi-Supinated Grip
Rotating Grip","Barbell
Dumbbell
T-Grip Bar
Football Bar
Thick Bar
TRX
Kettlebell
EZ Bar
Log Bar
Low Pulley
Mid Pulley
High Pulley
Thick Dumbbell
Cambered Bar
Fat Gripz
Multi-Grip Bar
add Custom",
,Bench Press,"Close Grip
Medium Grip
Wide Grip","Neutral
Pronated
Semi-Pronated
Semi-Supinated","Barbell
Dumbbell
T-Grip Bar
Football Bar
Thick Bar
TRX
Kettlebell
EZ Bar
Log Bar
Low Pulley
Mid Pulley
High Pulley
Thick Dumbbell
Cambered Bar
Fat Gripz
Multi-Grip Bar
add Custom",
,Bench Press to the Neck,"Medium Grip
Wide Grip",,"Barbell
Dumbbell
T-Grip Bar
Football Bar
Thick Bar
TRX
Kettlebell
EZ Bar
Log Bar
Low Pulley
Mid Pulley
High Pulley
Thick Dumbbell
Cambered Bar
Fat Gripz
Multi-Grip Bar
add Custom",
,DB Bench Press,"Neutral Grip
Pronated Grip
Semi-Pronated Grip
Semi-Supinated Grip
Rotating Grip","Neutral Grip
Pronated Grip
Semi-Pronated Grip
Semi-Supinated Grip
Rotating Grip","Barbell
Dumbbell
T-Grip Bar
Football Bar
Thick Bar
TRX
Kettlebell
EZ Bar
Log Bar
Low Pulley
Mid Pulley
High Pulley
Thick Dumbbell
Cambered Bar
Fat Gripz
Multi-Grip Bar
add Custom",
,Decline Bench Press,"Close Grip
Medium Grip
Wide Grip","Neutral
Pronated
Semi-Pronated
Semi-Supinated
Rotating","Barbell
Dumbbell
T-Grip Bar
Football Bar
Thick Bar
TRX
Kettlebell
EZ Bar
Log Bar
Low Pulley
Mid Pulley
High Pulley
Thick Dumbbell
Cambered Bar
Fat Gripz
Multi-Grip Bar
add Custom",
,Rack Bench Press,"Close Grip
Medium Grip
Wide grip","top 1/4 lockout
top 1/3 lockout
top 1/2 lockout","Barbell
Dumbbell
T-Grip Bar
Football Bar
Thick Bar
TRX
Kettlebell
EZ Bar
Log Bar
Low Pulley
Mid Pulley
High Pulley
Thick Dumbbell
Cambered Bar
Fat Gripz
Multi-Grip Bar
add Custom",
,Chest Dip,"Gironda            
Parallel Bar            
Roman Rings            
V Bar            ","Narrow
Medium
Wide","Barbell
Dumbbell
T-Grip Bar
Football Bar
Thick Bar
TRX
Kettlebell
EZ Bar
Log Bar
Low Pulley
Mid Pulley
High Pulley
Thick Dumbbell
Cambered Bar
Fat Gripz
Multi-Grip Bar
add Custom",
,Cable Chest Fly,"Flat
Incline
Decline
Standing
Kneeling","Neutral Grip
Pronated Grip
Semi-Pronated Grip
Semi-Supinated Grip
Rotating Grip","Barbell
Dumbbell
T-Grip Bar
Football Bar
Thick Bar
TRX
Kettlebell
EZ Bar
Log Bar
Low Pulley
Mid Pulley
High Pulley
Thick Dumbbell
Cambered Bar
Fat Gripz
Multi-Grip Bar
add Custom",
,DB Chest Fly,"Flat
10° Incline      
15° Incline
30° Incline      
45° Incline
60° Incline       
75° Incline       
Decline","Neutral Grip
Pronated Grip
Semi-Pronated Grip
Semi-Supinated Grip
Rotating Grip","Barbell
Dumbbell
T-Grip Bar
Football Bar
Thick Bar
TRX
Kettlebell
EZ Bar
Log Bar
Low Pulley
Mid Pulley
High Pulley
Thick Dumbbell
Cambered Bar
Fat Gripz
Multi-Grip Bar
add Custom",
,Machine Chest Fly,"Neutral
Pronated",,"Barbell
Dumbbell
T-Grip Bar
Football Bar
Thick Bar
TRX
Kettlebell
EZ Bar
Log Bar
Low Pulley
Mid Pulley
High Pulley
Thick Dumbbell
Cambered Bar
Fat Gripz
Multi-Grip Bar
add Custom",
,Machine Chest Press,"Flat
10° Incline      
15° Incline
30° Incline      
45° Incline
60° Incline       
75° Incline       
Decline","Neutral Grip
Pronated Grip
Semi-Pronated Grip
Semi-Supinated Grip
Rotating Grip
Converging","Barbell
Dumbbell
T-Grip Bar
Football Bar
Thick Bar
TRX
Kettlebell
EZ Bar
Log Bar
Low Pulley
Mid Pulley
High Pulley
Thick Dumbbell
Cambered Bar
Fat Gripz
Multi-Grip Bar
add Custom",
,Push-up,"Decline
clapping            
Feet on Ball            
Feet on Bench            
Roman Rings            
Rack
Bench","Hands Close
Hands Chest Width
Hands Wide","Barbell
Dumbbell
T-Grip Bar
Football Bar
Thick Bar
TRX
Kettlebell
EZ Bar
Log Bar
Low Pulley
Mid Pulley
High Pulley
Thick Dumbbell
Cambered Bar
Fat Gripz
Multi-Grip Bar
add Custom",
Posterior Chain/Glutes,"Back Extension, 45° Incline            ","Offset
Uni-Lateral",,"Swiss Ball
Barbell
Dumbbells 
Kettlebell
Buffalo Bar
Cambered Bar
Safety Bar
Band
High Pulley
Low pulley
Mid Pulley",
,"Back Extension, Horizontal",,,"Swiss Ball
Barbell
Dumbbells 
Kettlebell
Buffalo Bar
Cambered Bar
Safety Bar
Band
High Pulley
Low pulley
Mid Pulley",
,"Seated Back Extension, Machine",,,"Swiss Ball
Barbell
Dumbbells 
Kettlebell
Buffalo Bar
Cambered Bar
Safety Bar
Band
High Pulley
Low pulley
Mid Pulley",
,Deadlift,"Clean Grip            
Snatch Grip","Podium
Rack Above Knee
Rack Below Knee
Blocks","Swiss Ball
Barbell
Dumbbells 
Kettlebell
Buffalo Bar
Cambered Bar
Safety Bar
Band
High Pulley
Low pulley
Mid Pulley",
,Romanian Deadlift,"Clean Grip            
Snatch Grip
1-Leg","Podium
Rack Above Knee
Rack Below Knee
Blocks","Swiss Ball
Barbell
Dumbbells 
Kettlebell
Buffalo Bar
Cambered Bar
Safety Bar
Band
High Pulley
Low pulley
Mid Pulley",
,Sumo Deadlift,"Clean Grip
Over-Under grip
Straps","Podium
Rack at Knee
Rack Below Knee","Swiss Ball
Barbell
Dumbbells 
Kettlebell
Buffalo Bar
Cambered Bar
Safety Bar
Band
High Pulley
Low pulley
Mid Pulley",
,Glute-ham Raise,"close stance
medium stance
wide stance",,"Swiss Ball
Barbell
Dumbbells 
Kettlebell
Buffalo Bar
Cambered Bar
Safety Bar
Band
High Pulley
Low pulley
Mid Pulley",
,Goodmorning,"Seated  Medium Stance          
Seated  Wide Stance          
Standing  Medium Stance          
Standing  Wide Stance          ",,"Swiss Ball
Barbell
Dumbbells 
Kettlebell
Buffalo Bar
Cambered Bar
Safety Bar
Band
High Pulley
Low pulley
Mid Pulley",
,Hip Bridge,"Supine            
Supine  Unilateral          
Swiss Ball            
Swiss Ball  Unilateral          ",,"Swiss Ball
Barbell
Dumbbells 
Kettlebell
Buffalo Bar
Cambered Bar
Safety Bar
Band
High Pulley
Low pulley
Mid Pulley",
,Hip Bridge + Knee Flexion Combo,"Swiss Ball            
Swiss Ball  Unilateral          ",,"Swiss Ball
Barbell
Dumbbells 
Kettlebell
Buffalo Bar
Cambered Bar
Safety Bar
Band
High Pulley
Low pulley
Mid Pulley",
,Kettlebell Swings,,,"Swiss Ball
Barbell
Dumbbells 
Kettlebell
Buffalo Bar
Cambered Bar
Safety Bar
Band
High Pulley
Low pulley
Mid Pulley",
,Cable Pull-Through,"Medium Stance            
Wide Stance            ",,"Swiss Ball
Barbell
Dumbbells 
Kettlebell
Buffalo Bar
Cambered Bar
Safety Bar
Band
High Pulley
Low pulley
Mid Pulley",
,Reverse Hip Extension,"Feet Medium            
Feet Narrow            
Feet Wide            
Swiss Ball            ",,"Swiss Ball
Barbell
Dumbbells 
Kettlebell
Buffalo Bar
Cambered Bar
Safety Bar
Band
High Pulley
Low pulley
Mid Pulley",
,Monster Walk,"Seated
Standing","Machine
Band","Swiss Ball
Barbell
Dumbbells 
Kettlebell
Buffalo Bar
Cambered Bar
Safety Bar
Band
High Pulley
Low pulley
Mid Pulley",
,"Side Lying Hip Abduction, Bent Knee",Side Lying,Cable,"Swiss Ball
Barbell
Dumbbells 
Kettlebell
Buffalo Bar
Cambered Bar
Safety Bar
Band
High Pulley
Low pulley
Mid Pulley",
,Cable Hip Abduction,"Seated
Standing
Side Lying","Machine
Band
Cable","Swiss Ball
Barbell
Dumbbells 
Kettlebell
Buffalo Bar
Cambered Bar
Safety Bar
Band
High Pulley
Low pulley
Mid Pulley",
,Supine Hip Bridge,Dynamic,,"Swiss Ball
Barbell
Dumbbells 
Kettlebell
Buffalo Bar
Cambered Bar
Safety Bar
Band
High Pulley
Low pulley
Mid Pulley",
,Hip Hinge,"Standing
Kneeling",Banded,"Swiss Ball
Barbell
Dumbbells 
Kettlebell
Buffalo Bar
Cambered Bar
Safety Bar
Band
High Pulley
Low pulley
Mid Pulley",
,McKenzie Press-up,,,"Swiss Ball
Barbell
Dumbbells 
Kettlebell
Buffalo Bar
Cambered Bar
Safety Bar
Band
High Pulley
Low pulley
Mid Pulley",
,Prone Cobra,,,"Swiss Ball
Barbell
Dumbbells 
Kettlebell
Buffalo Bar
Cambered Bar
Safety Bar
Band
High Pulley
Low pulley
Mid Pulley",
Quadriceps,Cossack Squat,,,Buffalo Bar,
,Goblet Squat,,,Safety Bar,
,Machine Hack Squat,"Feet High
Feet Low 
Feet Middle","Narrow Stance
Medium Stance
Wide Stance
Duck Stance
Platz Stance","Barbell
Dumbbell
Trap Bar
Kettlebell
Axle
Cambered Bar
Rocker Board            
Sitfit            
Wobble Board            ",
,Barbell Hack Squat,Heels Elevated,,"Barbell
Dumbbell
Trap Bar
Kettlebell
Axle
Cambered Bar
Rocker Board            
Sitfit            
Wobble Board            ",
,Leg Extension,,,"Barbell
Dumbbell
Trap Bar
Kettlebell
Axle
Cambered Bar
Rocker Board            
Sitfit            
Wobble Board            ",
,Leg Extension,Unilateral            ,,"Barbell
Dumbbell
Trap Bar
Kettlebell
Axle
Cambered Bar
Rocker Board            
Sitfit            
Wobble Board            ",
,Horizontal Leg Press,"Feet High
Feet Low 
Feet Middle
Uni-Lateral
Platz Stance","Narrow Stance
Medium Stance
Wide Stance
Duck Stance","Barbell
Dumbbell
Trap Bar
Kettlebell
Axle
Cambered Bar
Rocker Board            
Sitfit            
Wobble Board            ",
,Incline Leg Press,"Feet High
Feet Low 
Feet Middle
Uni-Lateral
Platz Stance","Narrow Stance
Medium Stance
Wide Stance
Duck Stance","Barbell
Dumbbell
Trap Bar
Kettlebell
Axle
Cambered Bar
Rocker Board            
Sitfit            
Wobble Board            ",
,Lunge,"Forward
Drop
Reverse
Walking Forward
Walking Backward            ",Alternating,"Barbell
Dumbbell
Trap Bar
Kettlebell
Axle
Cambered Bar
Rocker Board            
Sitfit            
Wobble Board            ",
,Pendulum Squat,"Duck Stance
Narrow Stance
Medium Stance
Wide Stance",,"Barbell
Dumbbell
Trap Bar
Kettlebell
Axle
Cambered Bar
Rocker Board            
Sitfit            
Wobble Board            ",
,Power Squat Machine,"Facing In
Facing Out","Narrow Stance
Medium Stance
Wide Stance
Duck Stance","Barbell
Dumbbell
Trap Bar
Kettlebell
Axle
Cambered Bar
Rocker Board            
Sitfit            
Wobble Board            ",
,Split Squat,"Front Foot Elevated            
Rear Leg Elevated",1.25 reps,"Barbell
Dumbbell
Trap Bar
Kettlebell
Axle
Cambered Bar
Rocker Board            
Sitfit            
Wobble Board            ",
,Low Bar Squat,"Narrow Stance
Medium Stance
Wide Stance","Top 1/3 range
Top 1/4 range
Isometronic","Barbell
Dumbbell
Trap Bar
Kettlebell
Axle
Cambered Bar
Rocker Board            
Sitfit            
Wobble Board            ",
,Squat,"Narrow Stance
Medium Stance
Wide Stance
Duck Stance","Heels elevated
Isometronic
w/ankle extension","Barbell
Dumbbell
Trap Bar
Kettlebell
Axle
Cambered Bar
Rocker Board            
Sitfit            
Wobble Board            ",
,Inertia Squat,"Narrow Stance
Medium Stance
Wide Stance
Duck Stance
Front Narrow Stance
Front Medium Stance
Front Wide Stance
Front Duck Stance","Top 1/4 range
Top 1/3 range
Top 1/2 range
Top 1/4 range w/ankle extension
Top 1/3 range w/ankle extension
Top 1/2 range w/ankle extension","Barbell
Dumbbell
Trap Bar
Kettlebell
Axle
Cambered Bar
Rocker Board            
Sitfit            
Wobble Board            ",
,Front Squat,"Narrow Stance
Medium Stance
Wide Stance
Duck Stance","Heels elevated
Isometronic
w/ankle extension","Barbell
Dumbbell
Trap Bar
Kettlebell
Axle
Cambered Bar
Rocker Board            
Sitfit            
Wobble Board            ",
,Single Leg Squat,"Crouching
Bench Get up",,"Barbell
Dumbbell
Trap Bar
Kettlebell
Axle
Cambered Bar
Rocker Board            
Sitfit            
Wobble Board            ",
,Pistol Squat,heel elevated,,"Barbell
Dumbbell
Trap Bar
Kettlebell
Axle
Cambered Bar
Rocker Board            
Sitfit            
Wobble Board            ",
,Jump Squat,,,"Barbell
Dumbbell
Trap Bar
Kettlebell
Axle
Cambered Bar
Rocker Board            
Sitfit            
Wobble Board            ",
,Machine Squat,"Feet High
Feet Low 
Feet Middle
Uni-Lateral
Platz Stance","Narrow Stance
Medium Stance
Wide Stance
Duck Stance","Barbell
Dumbbell
Trap Bar
Kettlebell
Axle
Cambered Bar
Rocker Board            
Sitfit            
Wobble Board            ",
,Trap Bar Squat,"Narrow Stance
Medium Stance
Wide Stance
Duck Stance","Heels elevated
Isometronic
w/ankle extension","Barbell
Dumbbell
Trap Bar
Kettlebell
Axle
Cambered Bar
Rocker Board            
Sitfit            
Wobble Board            ",
,Overhead Squat,,,"Barbell
Dumbbell
Trap Bar
Kettlebell
Axle
Cambered Bar
Rocker Board            
Sitfit            
Wobble Board            ",
,Telemark Squat,,,"Barbell
Dumbbell
Trap Bar
Kettlebell
Axle
Cambered Bar
Rocker Board            
Sitfit            
Wobble Board            ",
,Step-up,"Front            
Front  Low Box          
Petersen            
Poliquin            
Russian            
Russian  Alternating          
Side            
Side  Low Box          ",,"Barbell
Dumbbell
Trap Bar
Kettlebell
Axle
Cambered Bar
Rocker Board            
Sitfit            
Wobble Board            ",
Shoulders,Arnold Press,"Seated            
Standing            ",,,
,Band Pull Aparts,,,,
,Behind the Neck Press,"Seated            
Standing            ",,,
,External Rotation,"Arm Extended and Abducted in Front            
Arm Extended and Abducted Overhead            
Arm Extended and Abducted to Side            
Arm Extended and Adducted to Side            
Arm Abducted in Front          
Arm Abducted to Side          
Arm Adducted to Side  Low Pulley        
Arm Adducted to Side  Mid Pulley        
Sidelying            
Cobra            
Cuban Press          
Elbow on Knee            
Muscle Snatch          ","Seated
Standing
Kneeling",,
,Front Raise,"15° Incline  Narrow Grip
15° Incline  Medium Grip      
15° Incline  Wide Grip
15° Incline  One Arm     
30° Incline  Narrow Grip     
30° Incline  Medium Grip        
30° Incline  Wide Grip       
30° Incline  One-Arm
45° Incline   Narrow Grip       
45° Incline  Medium Grip        
45° Incline  Wide Grip        
45° Incline  One-Arm        
60° Incline   Narrow Grip
60° Incline  Medium Grip
60° Incline  Wide Grip
60° Incline  One-Arm
Chest Supported  Scott Bench
Seated  Narrow         
Seated  Medium Grip       
Seated  Wide Grip      
Seated  One-Arm       
Standing  Narrow Grip   
Standing  Medium Grip        
Standing  Wide Grip       
Standing  One-Arm  ","Neutral
Pronated
Pronating
Supinated
Supinating
Semi-Pronated
Semi-Supinated",,
,Horizontal Abduction,"Seated 
Standing
Kneeling","Neutral
Pronated
Semi-Pronated
Supinated
Supinating
Semi-Supinated",,
,Landmine Press,"Neutral
Pronated",,,
,Lateral Raise,"Bent-over            
Machine            
Prone  15° Incline          
Prone  30° Incline     
Prone  45° Incline      
Prone  60° Incline      
Prone  75° Incline       
Prone  Flat          
Seated            
Seated  L-Lateral          
Standing
Standing L-Lateral",One-Arm,,
,Sidelying Lateral Raise,"on Forearm     
15° Incline       
30° Incline       
45° Incline           ","Neutral
Pronated
Semi-Pronated
Supinated
Supinating
Semi-Supinated",,
,One-arm Land Mine Press,,,,
,Powell Raise,"15° Incline            
30° Incline            
45° Incline            
Flat            
Floor            
Swiss Ball            ","Neutral
Pronated
Semi-Pronated
Supinated
Supinating
Semi-Supinated",,
,Reverse Flye,"Machine  Seated  Neutral        
Machine  Seated  Pronated        ",,,
,Scott Press,"Seated            
Standing            ",,,
,Shoulder Press,"Machine  Seated  Neutral        
Machine Seated
Seated
Seated Unsupported
Standing
Standing one arm anchored","Neutral
Pronated
Semi-Pronated
Supinated
Supinating
Semi-Supinated
One-Arm Neutral
One-Arm Pronated
One-Arm Rotating",,
,Shrug,"Prone  45° Incline        
Prone  60° Incline        
Prone  75° Incline        
Seated  Machine        
Seated          
Seated  One-arm        
Standing  Machine        
Standing          
Standing  One-arm        ","Neutral
Pronated
Semi-Pronated
Supinated
Supinating
Semi-Supinated
One-Arm Neutral
One-Arm Pronated
One-Arm Rotating",,
,Sots Press,,,,
,Turkish Getup,,,,
,Upright Row,"Close grip
Medium Grip
Wide Grip","Neutral
Pronated
Semi-Pronated
Supinated
Supinating
Semi-Supinated
One-Arm Neutral
One-Arm Pronated
One-Arm Rotating",,
Triceps,Close Grip Bench Press,"15° Incline 
30° Incline 
45° Incline 
60° Incline
Decline
Flat ","Neutral   
Pronated   
Semi-Pronated
Semi-Supinated
Supinated   ","Barbell
Dumbbell
T-Grip Barbell
Football Bar
Thick Bar
EZ Bar
Triceps Bar
Triceps Rope
Multi-Grip Bar",
,California Press,Flat            ,"Neutral   
Pronated   
Semi-Pronated
Semi-Supinated
Supinated   ","Barbell
Dumbbell
T-Grip Barbell
Football Bar
Thick Bar
EZ Bar
Triceps Bar
Triceps Rope
Multi-Grip Bar",
,Triceps Dips,"Machine
V-Bar
Parallel Bar
Rings",,"Barbell
Dumbbell
T-Grip Barbell
Football Bar
Thick Bar
EZ Bar
Triceps Bar
Triceps Rope
Multi-Grip Bar",
,Floor Press,"Close grip
Medium Grip
Wide Grip","Neutral   
Pronated   
Semi-Pronated
Semi-Supinated
Supinated   ","Barbell
Dumbbell
T-Grip Barbell
Football Bar
Thick Bar
EZ Bar
Triceps Bar
Triceps Rope
Multi-Grip Bar",
,Machine French Press,"Close Grip
Medium Grip
One-Arm","Neutral   
Pronated   
Semi-Pronated
Semi-Supinated
Supinated   ","Barbell
Dumbbell
T-Grip Barbell
Football Bar
Thick Bar
EZ Bar
Triceps Bar
Triceps Rope
Multi-Grip Bar",
,Seated French Press,"Close Grip
Medium Grip
One-Arm","Neutral   
Pronated   
Semi-Pronated
Semi-Supinated
Supinated   ","Barbell
Dumbbell
T-Grip Barbell
Football Bar
Thick Bar
EZ Bar
Triceps Bar
Triceps Rope
Multi-Grip Bar",
,Standing French Press,"Close Grip
Medium Grip
One-Arm","Neutral   
Pronated   
Semi-Pronated
Semi-Supinated
Supinated   ","Barbell
Dumbbell
T-Grip Barbell
Football Bar
Thick Bar
EZ Bar
Triceps Bar
Triceps Rope
Multi-Grip Bar",
,Seated Half Press in rack,Seated  Medium Grip  Pronated        ,,"Barbell
Dumbbell
T-Grip Barbell
Football Bar
Thick Bar
EZ Bar
Triceps Bar
Triceps Rope
Multi-Grip Bar",
,Kneeling Triceps Pressdown,"Close Grip      
Medium Grip
Wide Grip
One arm","Neutral   
Pronated   
Semi-Pronated
Semi-Supinated
Supinated   ","Barbell
Dumbbell
T-Grip Barbell
Football Bar
Thick Bar
EZ Bar
Triceps Bar
Triceps Rope
Multi-Grip Bar",
,Prone Triceps Pressdown,"45° Incline  Close Grip        
45° Incline  Medium Grip        
45° Incline  Wide Grip","Neutral   
Pronated   
Semi-Pronated
Semi-Supinated
Supinated   ","Barbell
Dumbbell
T-Grip Barbell
Football Bar
Thick Bar
EZ Bar
Triceps Bar
Triceps Rope
Multi-Grip Bar",
,Standing Triceps Pressdown,"Close Grip
Medium Grip
Wide Grip
One-Arm","Neutral   
Pronated   
Semi-Pronated
Semi-Supinated
Supinated   ","Barbell
Dumbbell
T-Grip Barbell
Football Bar
Thick Bar
EZ Bar
Triceps Bar
Triceps Rope
Multi-Grip Bar",
,Triceps Extension,"Flat Close Grip
Flat Medium Grip
15° Incline 
15° Incline  Close Grip
15° Incline  Medium Grip        
30° Incline 
30° Incline  Close Grip 
30° Incline  Medium Grip      
45° Incline         
45° Incline  Close Grip
45° Incline  Medium Grip      
Decline Close Grip
Decline Medium Grip
Machine","Neutral   
Pronated   
Semi-Pronated
Semi-Supinated
Supinated   ","Barbell
Dumbbell
T-Grip Barbell
Football Bar
Thick Bar
EZ Bar
Triceps Bar
Triceps Rope
Multi-Grip Bar",
Olympic Lifts,Clean,"Floor
Blocks
Podium",,"Barbell
15 Kg Barbell
20 Kg Barbell",
,Clean and Jerk,"Mid Thigh
Above Knee
Below Knee",,"Barbell
15 Kg Barbell
20 Kg Barbell",
,Clean and Press,,,"Barbell
15 Kg Barbell
20 Kg Barbell",
,Hang Clean,"Mid Thigh
Above Knee
Knee
Below the Knee            ",,"Barbell
15 Kg Barbell
20 Kg Barbell",
,Power Clean,"Floor
Mid Thigh            
Knee
Below Knee",,"Barbell
15 Kg Barbell
20 Kg Barbell",
,Power Clean + Front Squat + Push Press,,,"Barbell
15 Kg Barbell
20 Kg Barbell",
,Power Clean + Front Squat  ,,,"Barbell
15 Kg Barbell
20 Kg Barbell",
,Power Clean + Push Press,,,"Barbell
15 Kg Barbell
20 Kg Barbell",
,Power Clean + Clean Pull,,,"Barbell
15 Kg Barbell
20 Kg Barbell",
,Clean Pull,"Floor
Mid Thigh
Above Knee
Knee
Below Knee","Power Rack
Blocks
Hang
Podium","Barbell
15 Kg Barbell
20 Kg Barbell",
,Snatch,"Floor
Mid Thigh
Above Knee
Knee
Below Knee","Blocks
Podium","Barbell
15 Kg Barbell
20 Kg Barbell",
,Power Snatch,"blocks
Above the Knee            
Below the Knee            
Mid Thigh            
Podium            ",,"Barbell
15 Kg Barbell
20 Kg Barbell",
,Hang Snatch,"Mid Thigh
Above Knee
Knee
Below the Knee            ",,"Barbell
15 Kg Barbell
20 Kg Barbell",
,Power Snatch + Overhead Squat,,,"Barbell
15 Kg Barbell
20 Kg Barbell",
,Push Jerk behind the Neck,"Clean Grip
Snatch Grip",,"Barbell
15 Kg Barbell
20 Kg Barbell",
,Overhead Squat,"Clean grip
Snatch Grip",,"Barbell
15 Kg Barbell
20 Kg Barbell",
,Sots Press,,,"Barbell
15 Kg Barbell
20 Kg Barbell",
,Split Jerk,,,"Barbell
15 Kg Barbell
20 Kg Barbell",
Plyometrics,Box Jump,,,,
,Squat Jump,,,,
,Tuck Jump,,,,
,Split Jump,,,,
,Ankle Jumps,,,,
,Standing Broad Jump,,,,
,Jump Rope,,,,
,Depth Jump,,,,
,Hurdle Jump,,,,
,Lateral Jump,,,,
,Penta Jump,,,,
,Broad Jump,Forward and Lateral            ,,,
,Med Ball,"Chest Pass            
Overhead Toss            
Pullover Pass
Side Toss with Rotation            
Slam            
Supine Chest Pass            ",,,
Strongman,Axle Clean + Press,,,,
,Axle Clean & Press,,,,
,Axle Deadlift,,,,
,Axle Press,,,,
,Car Deadlift,,,,
,Circus Dumbbell Clean & Press ,,,,
,Circus Dumbbell Press,,,,
,Conan's Wheel,,,,
,Farmer's Handle Deadlift,,,,
,Farmer's Walk,"Forward Start and Stops            
Forward with Turn
Reverse Start and Stops            
Side Bend            ",,,
,Frame Carry,,,,
,Frame Deadlift,,,,
,Husafel Carry,,,,
,Keg Carry,,,,
,Keg Clean & Press Away,,,,
,Keg Clean & Press Every Rep,,,,
,Keg Over Bar,,,,
,Log Press,,,,
,Log Inertia press,,,,
,Log Incline Press,,,,
,Log Clean + Press,,,,
,Log Clean & Press ,,,,
,Log Push Press,,,,
,Prowler Push,Shoulder Harness,,,
,Sandbag Carry,,,,
,Sandbag Over Bar,,,,
,Sled Drag,"Backwards            
Backwards Walk            
Bear Crawl
Bent-Over Hamstring            
Bent-Over Sideways Ankle            
Carioca            
Arms Extended Forward Drag         
Claw Walk            
Face Pull            
Lunge Walk            
Nose-to-Sky Backwards            
Petersen            
Pull-Through            
Push            
Row            
Sideways Ankle            
Sideways  Hand Hold          
Single-Arm Backwards            
Single-Arm Hamstring            
Thick Rope Pull            
Tow with Harness            ",,,
,Sledge Hammer,,,,
,Atlas Stone,,,,
,Atlas Stone Carry,,,,
,Atlas Stone Over Bar,,,,
,Atlas Stone Series,,,,
,Atlas Stone to Platform,,,,
,Tire Flip,,,,
,Viking Press,,,,
,Super Yolk,"Bottom Position Squat            
Forward Start and Stops            
Reverse Start and Stops            
Walk            
Zercher Carry            ",,,
Conditioning/Calisthenics,Airdyne,,,"Weight Vest
Med Ball
Battle Ropes
Sandbag
Shoulder Harness
Sled Harness",
,Pushups,,,"Weight Vest
Med Ball
Battle Ropes
Sandbag
Shoulder Harness
Sled Harness",
,Burpees,,,"Weight Vest
Med Ball
Battle Ropes
Sandbag
Shoulder Harness
Sled Harness",
,Jumping Jacks,,,"Weight Vest
Med Ball
Battle Ropes
Sandbag
Shoulder Harness
Sled Harness",
,Bear Crawl,,,"Weight Vest
Med Ball
Battle Ropes
Sandbag
Shoulder Harness
Sled Harness",
,Lizard Crawl,,,"Weight Vest
Med Ball
Battle Ropes
Sandbag
Shoulder Harness
Sled Harness",
,Jump Rope,,,"Weight Vest
Med Ball
Battle Ropes
Sandbag
Shoulder Harness
Sled Harness",
,Sprints,,,"Weight Vest
Med Ball
Battle Ropes
Sandbag
Shoulder Harness
Sled Harness",
,Hill Run,,,"Weight Vest
Med Ball
Battle Ropes
Sandbag
Shoulder Harness
Sled Harness",
,Backpedal Run,,,"Weight Vest
Med Ball
Battle Ropes
Sandbag
Shoulder Harness
Sled Harness",
,Double Unders,,,"Weight Vest
Med Ball
Battle Ropes
Sandbag
Shoulder Harness
Sled Harness",
,Sled Drag,,,"Weight Vest
Med Ball
Battle Ropes
Sandbag
Shoulder Harness
Sled Harness",
,Battling Ropes,,,"Weight Vest
Med Ball
Battle Ropes
Sandbag
Shoulder Harness
Sled Harness",
,Weighted Run,,,"Weight Vest
Med Ball
Battle Ropes
Sandbag
Shoulder Harness
Sled Harness",
,Rowing Machine,,,"Weight Vest
Med Ball
Battle Ropes
Sandbag
Shoulder Harness
Sled Harness",
,Sledge Hammer,,,"Weight Vest
Med Ball
Battle Ropes
Sandbag
Shoulder Harness
Sled Harness",
,Prowler Push,,,"Weight Vest
Med Ball
Battle Ropes
Sandbag
Shoulder Harness
Sled Harness",
Mobility,Neck - Side Flexion,,,"Active Isolated
Static
PNF","TRX
Swiss Ball"
,Neck - Suboccipital stretch,,,"Active Isolated
Static
PNF","TRX
Swiss Ball"
,Neck - Upper Trap Stretch,,,"Active Isolated
Static
PNF","TRX
Swiss Ball"
,Neck - Sternocleidomastoid stretch,,,"Active Isolated
Static
PNF","TRX
Swiss Ball"
,Neck - Neck CAR,,,"Active Isolated
Static
PNF","TRX
Swiss Ball"
,Thoracic/Lumbar/Abs - Cat/Camel,,,"Active Isolated
Static
PNF","TRX
Swiss Ball"
,Thoracic/Lumbar/Abs - Abdominal stretch on Swiss Ball,,,"Active Isolated
Static
PNF","TRX
Swiss Ball"
,Thoracic/Lumbar/Abs - Oblique Stretch on Swiss Ball,,,"Active Isolated
Static
PNF","TRX
Swiss Ball"
,Thoracic/Lumbar/Abs - McKenzie Press-up,,,"Active Isolated
Static
PNF","TRX
Swiss Ball"
,Thoracic/Lumbar/Abs - Seated Quadratus Lumborum,,,"Active Isolated
Static
PNF","TRX
Swiss Ball"
,Thoracic/Lumbar/Abs - Thoracic CAR,,,"Active Isolated
Static
PNF","TRX
Swiss Ball"
,Shoulder/Chest - Standing Chest Stretch,,,"Active Isolated
Static
PNF","TRX
Swiss Ball"
,Shoulder/Chest - Supine Trunk Rotation,,,"Active Isolated
Static
PNF","TRX
Swiss Ball"
,Shoulder/Chest - Side Lying Shoulder External Rotation,,,"Active Isolated
Static
PNF","TRX
Swiss Ball"
,Shoulder/Chest - Side Lying Shoulder Internal Rotation,,,"Active Isolated
Static
PNF","TRX
Swiss Ball"
,Shoulder/Chest - Shoulder CAR,,,"Active Isolated
Static
PNF","TRX
Swiss Ball"
,Arms - Standing biceps,,,"Active Isolated
Static
PNF","TRX
Swiss Ball"
,Arms - Overhead Triceps,,,"Active Isolated
Static
PNF","TRX
Swiss Ball"
,Arms - Elbow CAR,,,"Active Isolated
Static
PNF","TRX
Swiss Ball"
,Arms - Wrist CAR,,,"Active Isolated
Static
PNF","TRX
Swiss Ball"
,Arms - Wrist Flexion,,,"Active Isolated
Static
PNF","TRX
Swiss Ball"
,Arms - Wrist Extension,,,"Active Isolated
Static
PNF","TRX
Swiss Ball"
,Upper Back/Lats - Rhomboid Stretch,,,"Active Isolated
Static
PNF","TRX
Swiss Ball"
,Upper Back/Lats - Lat stretch/Table Top,,,"Active Isolated
Static
PNF","TRX
Swiss Ball"
,Upper Back/Lats - Posterior Shoulder ,,,"Active Isolated
Static
PNF","TRX
Swiss Ball"
,Upper Back/Lats - Scapulae CAR,,,"Active Isolated
Static
PNF","TRX
Swiss Ball"
,Hips - 90/90 hip external rotation,,,"Active Isolated
Static
PNF","TRX
Swiss Ball"
,Hips - 90/90 hip internal rotation,,,"Active Isolated
Static
PNF","TRX
Swiss Ball"
,Hips - 90/90 QL/Latissimus Dorsi,,,"Active Isolated
Static
PNF","TRX
Swiss Ball"
,Hips - Kneeling Hip Flexor ,,,"Active Isolated
Static
PNF","TRX
Swiss Ball"
,Hips - Kneeling Short Adductor ,,,"Active Isolated
Static
PNF","TRX
Swiss Ball"
,Hips - Standing HIp Abductor/TFL stretch,,,"Active Isolated
Static
PNF","TRX
Swiss Ball"
,Hips - Prone Groin stretch,,,"Active Isolated
Static
PNF","TRX
Swiss Ball"
,Hips - Passive Full Squat,,,"Active Isolated
Static
PNF","TRX
Swiss Ball"
,Hips - Hip CAR,,,"Active Isolated
Static
PNF","TRX
Swiss Ball"
,Legs - Kneeling Quadriceps Stretch,,,"Active Isolated
Static
PNF","TRX
Swiss Ball"
,Legs - Supine Hamstrings,,,"Active Isolated
Static
PNF","TRX
Swiss Ball"
,Legs - Knee CAR,,,"Active Isolated
Static
PNF","TRX
Swiss Ball"
,Legs - Kneecap CAR,,,"Active Isolated
Static
PNF","TRX
Swiss Ball"
,Legs - Sidelying Quadriceps,,,"Active Isolated
Static
PNF","TRX
Swiss Ball"
,Ankle - Ankle Circles,,,"Active Isolated
Static
PNF","TRX
Swiss Ball"
,"Ankle - Tibialis Anterior, Kneeling",,,"Active Isolated
Static
PNF","TRX
Swiss Ball"
,Ankle - Soleus Stretch,,,"Active Isolated
Static
PNF","TRX
Swiss Ball"
,"Ankle - Gastrocnemius Stretch, Standing",,,"Active Isolated
Static
PNF","TRX
Swiss Ball"
,Ankle - Ankle CAR,,,"Active Isolated
Static
PNF","TRX
Swiss Ball"
,Foot - Toe CAR,,,"Active Isolated
Static
PNF","TRX
Swiss Ball"
,Foot - Toe Dorsiflexion,,,"Active Isolated
Static
PNF","TRX
Swiss Ball"
,Foot - Toe Plantarflexion,,,"Active Isolated
Static
PNF","TRX
Swiss Ball"